ocd-division/country:us/state:fl/county:alachua,Alachua County
ocd-division/country:us/state:fl/county:baker,Baker County
ocd-division/country:us/state:fl/county:bay,Bay County
ocd-division/country:us/state:fl/county:bradford,Bradford County
ocd-division/country:us/state:fl/county:brevard,Brevard County
ocd-division/country:us/state:fl/county:broward,Broward County
ocd-division/country:us/state:fl/county:calhoun,Calhoun County
ocd-division/country:us/state:fl/county:charlotte,Charlotte County
ocd-division/country:us/state:fl/county:citrus,Citrus County
ocd-division/country:us/state:fl/county:clay,Clay County
ocd-division/country:us/state:fl/county:collier,Collier County
ocd-division/country:us/state:fl/county:columbia,Columbia County
ocd-division/country:us/state:fl/county:desoto,DeSoto County
ocd-division/country:us/state:fl/county:dixie,Dixie County
ocd-division/country:us/state:fl/county:duval,Duval County
ocd-division/country:us/state:fl/county:escambia,Escambia County
ocd-division/country:us/state:fl/county:flagler,Flagler County
ocd-division/country:us/state:fl/county:franklin,Franklin County
ocd-division/country:us/state:fl/county:gadsden,Gadsden County
ocd-division/country:us/state:fl/county:gilchrist,Gilchrist County
ocd-division/country:us/state:fl/county:glades,Glades County
ocd-division/country:us/state:fl/county:gulf,Gulf County
ocd-division/country:us/state:fl/county:hamilton,Hamilton County
ocd-division/country:us/state:fl/county:hardee,Hardee County
ocd-division/country:us/state:fl/county:hendry,Hendry County
ocd-division/country:us/state:fl/county:hernando,Hernando County
ocd-division/country:us/state:fl/county:highlands,Highlands County
ocd-division/country:us/state:fl/county:hillsborough,Hillsborough County
ocd-division/country:us/state:fl/county:holmes,Holmes County
ocd-division/country:us/state:fl/county:indian_river,Indian River County
ocd-division/country:us/state:fl/county:jackson,Jackson County
ocd-division/country:us/state:fl/county:jefferson,Jefferson County
ocd-division/country:us/state:fl/county:lafayette,Lafayette County
ocd-division/country:us/state:fl/county:lake,Lake County
ocd-division/country:us/state:fl/county:lee,Lee County
ocd-division/country:us/state:fl/county:leon,Leon County
ocd-division/country:us/state:fl/county:levy,Levy County
ocd-division/country:us/state:fl/county:liberty,Liberty County
ocd-division/country:us/state:fl/county:madison,Madison County
ocd-division/country:us/state:fl/county:manatee,Manatee County
ocd-division/country:us/state:fl/county:marion,Marion County
ocd-division/country:us/state:fl/county:martin,Martin County
ocd-division/country:us/state:fl/county:miami-dade,Miami-Dade County
ocd-division/country:us/state:fl/county:monroe,Monroe County
ocd-division/country:us/state:fl/county:nassau,Nassau County
ocd-division/country:us/state:fl/county:okaloosa,Okaloosa County
ocd-division/country:us/state:fl/county:okeechobee,Okeechobee County
ocd-division/country:us/state:fl/county:orange,Orange County
ocd-division/country:us/state:fl/county:osceola,Osceola County
ocd-division/country:us/state:fl/county:palm_beach,Palm Beach County
ocd-division/country:us/state:fl/county:pasco,Pasco County
ocd-division/country:us/state:fl/county:pinellas,Pinellas County
ocd-division/country:us/state:fl/county:polk,Polk County
ocd-division/country:us/state:fl/county:putnam,Putnam County
ocd-division/country:us/state:fl/county:santa_rosa,Santa Rosa County
ocd-division/country:us/state:fl/county:sarasota,Sarasota County
ocd-division/country:us/state:fl/county:seminole,Seminole County
ocd-division/country:us/state:fl/county:st_johns,St. Johns County
ocd-division/country:us/state:fl/county:st_lucie,St. Lucie County
ocd-division/country:us/state:fl/county:sumter,Sumter County
ocd-division/country:us/state:fl/county:suwannee,Suwannee County
ocd-division/country:us/state:fl/county:taylor,Taylor County
ocd-division/country:us/state:fl/county:union,Union County
ocd-division/country:us/state:fl/county:volusia,Volusia County
ocd-division/country:us/state:fl/county:wakulla,Wakulla County
ocd-division/country:us/state:fl/county:walton,Walton County
ocd-division/country:us/state:fl/county:washington,Washington County
ocd-division/country:us/state:fl/place:alachua,Alachua city
ocd-division/country:us/state:fl/place:alford,Alford town
ocd-division/country:us/state:fl/place:altamonte_springs,Altamonte Springs city
ocd-division/country:us/state:fl/place:altha,Altha town
ocd-division/country:us/state:fl/place:anna_maria,Anna Maria city
ocd-division/country:us/state:fl/place:apalachicola,Apalachicola city
ocd-division/country:us/state:fl/place:apopka,Apopka city
ocd-division/country:us/state:fl/place:arcadia,Arcadia city
ocd-division/country:us/state:fl/place:archer,Archer city
ocd-division/country:us/state:fl/place:astatula,Astatula town
ocd-division/country:us/state:fl/place:atlantic_beach,Atlantic Beach city
ocd-division/country:us/state:fl/place:atlantis,Atlantis city
ocd-division/country:us/state:fl/place:auburndale,Auburndale city
ocd-division/country:us/state:fl/place:aventura,Aventura city
ocd-division/country:us/state:fl/place:avon_park,Avon Park city
ocd-division/country:us/state:fl/place:bal_harbour,Bal Harbour village
ocd-division/country:us/state:fl/place:baldwin,Baldwin town
ocd-division/country:us/state:fl/place:bartow,Bartow city
ocd-division/country:us/state:fl/place:bascom,Bascom town
ocd-division/country:us/state:fl/place:bay_harbor_islands,Bay Harbor Islands town
ocd-division/country:us/state:fl/place:bay_lake,Bay Lake city
ocd-division/country:us/state:fl/place:bell,Bell town
ocd-division/country:us/state:fl/place:belle_glade,Belle Glade city
ocd-division/country:us/state:fl/place:belle_isle,Belle Isle city
ocd-division/country:us/state:fl/place:belleair,Belleair town
ocd-division/country:us/state:fl/place:belleair_beach,Belleair Beach city
ocd-division/country:us/state:fl/place:belleair_bluffs,Belleair Bluffs city
ocd-division/country:us/state:fl/place:belleair_shore,Belleair Shore town
ocd-division/country:us/state:fl/place:belleview,Belleview city
ocd-division/country:us/state:fl/place:beverly_beach,Beverly Beach town
ocd-division/country:us/state:fl/place:biscayne_park,Biscayne Park village
ocd-division/country:us/state:fl/place:blountstown,Blountstown city
ocd-division/country:us/state:fl/place:boca_raton,Boca Raton city
ocd-division/country:us/state:fl/place:bonifay,Bonifay city
ocd-division/country:us/state:fl/place:bonita_springs,Bonita Springs city
ocd-division/country:us/state:fl/place:bowling_green,Bowling Green city
ocd-division/country:us/state:fl/place:boynton_beach,Boynton Beach city
ocd-division/country:us/state:fl/place:bradenton,Bradenton city
ocd-division/country:us/state:fl/place:bradenton_beach,Bradenton Beach city
ocd-division/country:us/state:fl/place:branford,Branford town
ocd-division/country:us/state:fl/place:briny_breezes,Briny Breezes town
ocd-division/country:us/state:fl/place:bristol,Bristol city
ocd-division/country:us/state:fl/place:bronson,Bronson town
ocd-division/country:us/state:fl/place:brooker,Brooker town
ocd-division/country:us/state:fl/place:brooksville,Brooksville city
ocd-division/country:us/state:fl/place:bunnell,Bunnell city
ocd-division/country:us/state:fl/place:bushnell,Bushnell city
ocd-division/country:us/state:fl/place:callahan,Callahan town
ocd-division/country:us/state:fl/place:callaway,Callaway city
ocd-division/country:us/state:fl/place:campbellton,Campbellton town
ocd-division/country:us/state:fl/place:cape_canaveral,Cape Canaveral city
ocd-division/country:us/state:fl/place:cape_coral,Cape Coral city
ocd-division/country:us/state:fl/place:carrabelle,Carrabelle city
ocd-division/country:us/state:fl/place:caryville,Caryville town
ocd-division/country:us/state:fl/place:casselberry,Casselberry city
ocd-division/country:us/state:fl/place:cedar_key,Cedar Key city
ocd-division/country:us/state:fl/place:center_hill,Center Hill city
ocd-division/country:us/state:fl/place:century,Century town
ocd-division/country:us/state:fl/place:chattahoochee,Chattahoochee city
ocd-division/country:us/state:fl/place:chiefland,Chiefland city
ocd-division/country:us/state:fl/place:chipley,Chipley city
ocd-division/country:us/state:fl/place:cinco_bayou,Cinco Bayou town
ocd-division/country:us/state:fl/place:clearwater,Clearwater city
ocd-division/country:us/state:fl/place:clermont,Clermont city
ocd-division/country:us/state:fl/place:clewiston,Clewiston city
ocd-division/country:us/state:fl/place:cloud_lake,Cloud Lake town
ocd-division/country:us/state:fl/place:cocoa,Cocoa city
ocd-division/country:us/state:fl/place:cocoa_beach,Cocoa Beach city
ocd-division/country:us/state:fl/place:coconut_creek,Coconut Creek city
ocd-division/country:us/state:fl/place:coleman,Coleman city
ocd-division/country:us/state:fl/place:cooper_city,Cooper City city
ocd-division/country:us/state:fl/place:coral_gables,Coral Gables city
ocd-division/country:us/state:fl/place:coral_springs,Coral Springs city
ocd-division/country:us/state:fl/place:cottondale,Cottondale town
ocd-division/country:us/state:fl/place:crescent_city,Crescent City city
ocd-division/country:us/state:fl/place:crestview,Crestview city
ocd-division/country:us/state:fl/place:cross_city,Cross City town
ocd-division/country:us/state:fl/place:crystal_river,Crystal River city
ocd-division/country:us/state:fl/place:cutler_bay,Cutler Bay town
ocd-division/country:us/state:fl/place:dade_city,Dade City city
ocd-division/country:us/state:fl/place:dania_beach,Dania Beach city
ocd-division/country:us/state:fl/place:davenport,Davenport city
ocd-division/country:us/state:fl/place:davie,Davie town
ocd-division/country:us/state:fl/place:daytona_beach,Daytona Beach city
ocd-division/country:us/state:fl/place:daytona_beach_shores,Daytona Beach Shores city
ocd-division/country:us/state:fl/place:de_funiak_springs,De Funiak Springs city
ocd-division/country:us/state:fl/place:debary,DeBary city
ocd-division/country:us/state:fl/place:deerfield_beach,Deerfield Beach city
ocd-division/country:us/state:fl/place:deland,DeLand city
ocd-division/country:us/state:fl/place:delray_beach,Delray Beach city
ocd-division/country:us/state:fl/place:deltona,Deltona city
ocd-division/country:us/state:fl/place:destin,Destin city
ocd-division/country:us/state:fl/place:doral,Doral city
ocd-division/country:us/state:fl/place:dundee,Dundee town
ocd-division/country:us/state:fl/place:dunedin,Dunedin city
ocd-division/country:us/state:fl/place:dunnellon,Dunnellon city
ocd-division/country:us/state:fl/place:eagle_lake,Eagle Lake city
ocd-division/country:us/state:fl/place:eatonville,Eatonville town
ocd-division/country:us/state:fl/place:ebro,Ebro town
ocd-division/country:us/state:fl/place:edgewater,Edgewater city
ocd-division/country:us/state:fl/place:edgewood,Edgewood city
ocd-division/country:us/state:fl/place:el_portal,El Portal village
ocd-division/country:us/state:fl/place:esto,Esto town
ocd-division/country:us/state:fl/place:eustis,Eustis city
ocd-division/country:us/state:fl/place:everglades,Everglades city
ocd-division/country:us/state:fl/place:fanning_springs,Fanning Springs city
ocd-division/country:us/state:fl/place:fellsmere,Fellsmere city
ocd-division/country:us/state:fl/place:fernandina_beach,Fernandina Beach city
ocd-division/country:us/state:fl/place:flagler_beach,Flagler Beach city
ocd-division/country:us/state:fl/place:florida_city,Florida City city
ocd-division/country:us/state:fl/place:fort_lauderdale,Fort Lauderdale city
ocd-division/country:us/state:fl/place:fort_meade,Fort Meade city
ocd-division/country:us/state:fl/place:fort_myers,Fort Myers city
ocd-division/country:us/state:fl/place:fort_myers_beach,Fort Myers Beach town
ocd-division/country:us/state:fl/place:fort_pierce,Fort Pierce city
ocd-division/country:us/state:fl/place:fort_walton_beach,Fort Walton Beach city
ocd-division/country:us/state:fl/place:fort_white,Fort White town
ocd-division/country:us/state:fl/place:freeport,Freeport city
ocd-division/country:us/state:fl/place:frostproof,Frostproof city
ocd-division/country:us/state:fl/place:fruitland_park,Fruitland Park city
ocd-division/country:us/state:fl/place:gainesville,Gainesville city
ocd-division/country:us/state:fl/place:glen_ridge,Glen Ridge town
ocd-division/country:us/state:fl/place:glen_st_mary,Glen St. Mary town
ocd-division/country:us/state:fl/place:golden_beach,Golden Beach town
ocd-division/country:us/state:fl/place:golf,Golf village
ocd-division/country:us/state:fl/place:graceville,Graceville city
ocd-division/country:us/state:fl/place:grand_ridge,Grand Ridge town
ocd-division/country:us/state:fl/place:grant-valkaria,Grant-Valkaria town
ocd-division/country:us/state:fl/place:green_cove_springs,Green Cove Springs city
ocd-division/country:us/state:fl/place:greenacres,Greenacres city
ocd-division/country:us/state:fl/place:greensboro,Greensboro town
ocd-division/country:us/state:fl/place:greenville,Greenville town
ocd-division/country:us/state:fl/place:greenwood,Greenwood town
ocd-division/country:us/state:fl/place:gretna,Gretna city
ocd-division/country:us/state:fl/place:groveland,Groveland city
ocd-division/country:us/state:fl/place:gulf_breeze,Gulf Breeze city
ocd-division/country:us/state:fl/place:gulf_stream,Gulf Stream town
ocd-division/country:us/state:fl/place:gulfport,Gulfport city
ocd-division/country:us/state:fl/place:haines_city,Haines City city
ocd-division/country:us/state:fl/place:hallandale_beach,Hallandale Beach city
ocd-division/country:us/state:fl/place:hampton,Hampton city
ocd-division/country:us/state:fl/place:hastings,Hastings town
ocd-division/country:us/state:fl/place:havana,Havana town
ocd-division/country:us/state:fl/place:haverhill,Haverhill town
ocd-division/country:us/state:fl/place:hawthorne,Hawthorne city
ocd-division/country:us/state:fl/place:hialeah,Hialeah city
ocd-division/country:us/state:fl/place:hialeah_gardens,Hialeah Gardens city
ocd-division/country:us/state:fl/place:high_springs,High Springs city
ocd-division/country:us/state:fl/place:highland_beach,Highland Beach town
ocd-division/country:us/state:fl/place:highland_park,Highland Park village
ocd-division/country:us/state:fl/place:hillcrest_heights,Hillcrest Heights town
ocd-division/country:us/state:fl/place:hilliard,Hilliard town
ocd-division/country:us/state:fl/place:hillsboro_beach,Hillsboro Beach town
ocd-division/country:us/state:fl/place:holly_hill,Holly Hill city
ocd-division/country:us/state:fl/place:hollywood,Hollywood city
ocd-division/country:us/state:fl/place:holmes_beach,Holmes Beach city
ocd-division/country:us/state:fl/place:homestead,Homestead city
ocd-division/country:us/state:fl/place:horseshoe_beach,Horseshoe Beach town
ocd-division/country:us/state:fl/place:howey-in-the-hills,Howey-in-the-Hills town
ocd-division/country:us/state:fl/place:hypoluxo,Hypoluxo town
ocd-division/country:us/state:fl/place:indialantic,Indialantic town
ocd-division/country:us/state:fl/place:indian_creek,Indian Creek village
ocd-division/country:us/state:fl/place:indian_harbour_beach,Indian Harbour Beach city
ocd-division/country:us/state:fl/place:indian_river_shores,Indian River Shores town
ocd-division/country:us/state:fl/place:indian_rocks_beach,Indian Rocks Beach city
ocd-division/country:us/state:fl/place:indian_shores,Indian Shores town
ocd-division/country:us/state:fl/place:inglis,Inglis town
ocd-division/country:us/state:fl/place:interlachen,Interlachen town
ocd-division/country:us/state:fl/place:inverness,Inverness city
ocd-division/country:us/state:fl/place:islamorada~_village_of_islands,"Islamorada, Village of Islands village"
ocd-division/country:us/state:fl/place:jacksonville,Jacksonville city
ocd-division/country:us/state:fl/place:jacksonville_beach,Jacksonville Beach city
ocd-division/country:us/state:fl/place:jacob_city,Jacob City city
ocd-division/country:us/state:fl/place:jasper,Jasper city
ocd-division/country:us/state:fl/place:jay,Jay town
ocd-division/country:us/state:fl/place:jennings,Jennings town
ocd-division/country:us/state:fl/place:juno_beach,Juno Beach town
ocd-division/country:us/state:fl/place:jupiter,Jupiter town
ocd-division/country:us/state:fl/place:jupiter_inlet_colony,Jupiter Inlet Colony town
ocd-division/country:us/state:fl/place:jupiter_island,Jupiter Island town
ocd-division/country:us/state:fl/place:kenneth_city,Kenneth City town
ocd-division/country:us/state:fl/place:key_biscayne,Key Biscayne village
ocd-division/country:us/state:fl/place:key_colony_beach,Key Colony Beach city
ocd-division/country:us/state:fl/place:key_west,Key West city
ocd-division/country:us/state:fl/place:keystone_heights,Keystone Heights city
ocd-division/country:us/state:fl/place:kissimmee,Kissimmee city
ocd-division/country:us/state:fl/place:la_crosse,La Crosse town
ocd-division/country:us/state:fl/place:labelle,LaBelle city
ocd-division/country:us/state:fl/place:lady_lake,Lady Lake town
ocd-division/country:us/state:fl/place:lake_alfred,Lake Alfred city
ocd-division/country:us/state:fl/place:lake_buena_vista,Lake Buena Vista city
ocd-division/country:us/state:fl/place:lake_butler,Lake Butler city
ocd-division/country:us/state:fl/place:lake_city,Lake City city
ocd-division/country:us/state:fl/place:lake_clarke_shores,Lake Clarke Shores town
ocd-division/country:us/state:fl/place:lake_hamilton,Lake Hamilton town
ocd-division/country:us/state:fl/place:lake_helen,Lake Helen city
ocd-division/country:us/state:fl/place:lake_mary,Lake Mary city
ocd-division/country:us/state:fl/place:lake_park,Lake Park town
ocd-division/country:us/state:fl/place:lake_placid,Lake Placid town
ocd-division/country:us/state:fl/place:lake_wales,Lake Wales city
ocd-division/country:us/state:fl/place:lake_worth,Lake Worth city
ocd-division/country:us/state:fl/place:lakeland,Lakeland city
ocd-division/country:us/state:fl/place:lantana,Lantana town
ocd-division/country:us/state:fl/place:largo,Largo city
ocd-division/country:us/state:fl/place:lauderdale-by-the-sea,Lauderdale-by-the-Sea town
ocd-division/country:us/state:fl/place:lauderdale_lakes,Lauderdale Lakes city
ocd-division/country:us/state:fl/place:lauderhill,Lauderhill city
ocd-division/country:us/state:fl/place:laurel_hill,Laurel Hill city
ocd-division/country:us/state:fl/place:lawtey,Lawtey city
ocd-division/country:us/state:fl/place:layton,Layton city
ocd-division/country:us/state:fl/place:lazy_lake,Lazy Lake village
ocd-division/country:us/state:fl/place:lee,Lee town
ocd-division/country:us/state:fl/place:leesburg,Leesburg city
ocd-division/country:us/state:fl/place:lighthouse_point,Lighthouse Point city
ocd-division/country:us/state:fl/place:live_oak,Live Oak city
ocd-division/country:us/state:fl/place:longboat_key,Longboat Key town
ocd-division/country:us/state:fl/place:longwood,Longwood city
ocd-division/country:us/state:fl/place:loxahatchee_groves,Loxahatchee Groves town
ocd-division/country:us/state:fl/place:lynn_haven,Lynn Haven city
ocd-division/country:us/state:fl/place:macclenny,Macclenny city
ocd-division/country:us/state:fl/place:madeira_beach,Madeira Beach city
ocd-division/country:us/state:fl/place:madison,Madison city
ocd-division/country:us/state:fl/place:maitland,Maitland city
ocd-division/country:us/state:fl/place:malabar,Malabar town
ocd-division/country:us/state:fl/place:malone,Malone town
ocd-division/country:us/state:fl/place:manalapan,Manalapan town
ocd-division/country:us/state:fl/place:mangonia_park,Mangonia Park town
ocd-division/country:us/state:fl/place:marathon,Marathon city
ocd-division/country:us/state:fl/place:marco_island,Marco Island city
ocd-division/country:us/state:fl/place:margate,Margate city
ocd-division/country:us/state:fl/place:marianna,Marianna city
ocd-division/country:us/state:fl/place:marineland,Marineland town
ocd-division/country:us/state:fl/place:mary_esther,Mary Esther city
ocd-division/country:us/state:fl/place:mascotte,Mascotte city
ocd-division/country:us/state:fl/place:mayo,Mayo town
ocd-division/country:us/state:fl/place:mcintosh,McIntosh town
ocd-division/country:us/state:fl/place:medley,Medley town
ocd-division/country:us/state:fl/place:melbourne,Melbourne city
ocd-division/country:us/state:fl/place:melbourne_beach,Melbourne Beach town
ocd-division/country:us/state:fl/place:melbourne_village,Melbourne Village town
ocd-division/country:us/state:fl/place:mexico_beach,Mexico Beach city
ocd-division/country:us/state:fl/place:miami,Miami city
ocd-division/country:us/state:fl/place:miami_beach,Miami Beach city
ocd-division/country:us/state:fl/place:miami_gardens,Miami Gardens city
ocd-division/country:us/state:fl/place:miami_lakes,Miami Lakes town
ocd-division/country:us/state:fl/place:miami_shores,Miami Shores village
ocd-division/country:us/state:fl/place:miami_springs,Miami Springs city
ocd-division/country:us/state:fl/place:micanopy,Micanopy town
ocd-division/country:us/state:fl/place:midway,Midway city
ocd-division/country:us/state:fl/place:milton,Milton city
ocd-division/country:us/state:fl/place:minneola,Minneola city
ocd-division/country:us/state:fl/place:miramar,Miramar city
ocd-division/country:us/state:fl/place:monticello,Monticello city
ocd-division/country:us/state:fl/place:montverde,Montverde town
ocd-division/country:us/state:fl/place:moore_haven,Moore Haven city
ocd-division/country:us/state:fl/place:mount_dora,Mount Dora city
ocd-division/country:us/state:fl/place:mulberry,Mulberry city
ocd-division/country:us/state:fl/place:naples,Naples city
ocd-division/country:us/state:fl/place:neptune_beach,Neptune Beach city
ocd-division/country:us/state:fl/place:new_port_richey,New Port Richey city
ocd-division/country:us/state:fl/place:new_smyrna_beach,New Smyrna Beach city
ocd-division/country:us/state:fl/place:newberry,Newberry city
ocd-division/country:us/state:fl/place:niceville,Niceville city
ocd-division/country:us/state:fl/place:noma,Noma town
ocd-division/country:us/state:fl/place:north_bay_village,North Bay Village city
ocd-division/country:us/state:fl/place:north_lauderdale,North Lauderdale city
ocd-division/country:us/state:fl/place:north_miami,North Miami city
ocd-division/country:us/state:fl/place:north_miami_beach,North Miami Beach city
ocd-division/country:us/state:fl/place:north_palm_beach,North Palm Beach village
ocd-division/country:us/state:fl/place:north_port,North Port city
ocd-division/country:us/state:fl/place:north_redington_beach,North Redington Beach town
ocd-division/country:us/state:fl/place:oak_hill,Oak Hill city
ocd-division/country:us/state:fl/place:oakland,Oakland town
ocd-division/country:us/state:fl/place:oakland_park,Oakland Park city
ocd-division/country:us/state:fl/place:ocala,Ocala city
ocd-division/country:us/state:fl/place:ocean_breeze_park,Ocean Breeze Park town
ocd-division/country:us/state:fl/place:ocean_ridge,Ocean Ridge town
ocd-division/country:us/state:fl/place:ocoee,Ocoee city
ocd-division/country:us/state:fl/place:okeechobee,Okeechobee city
ocd-division/country:us/state:fl/place:oldsmar,Oldsmar city
ocd-division/country:us/state:fl/place:opa-locka,Opa-locka city
ocd-division/country:us/state:fl/place:orange_city,Orange City city
ocd-division/country:us/state:fl/place:orange_park,Orange Park town
ocd-division/country:us/state:fl/place:orchid,Orchid town
ocd-division/country:us/state:fl/place:orlando,Orlando city
ocd-division/country:us/state:fl/place:ormond_beach,Ormond Beach city
ocd-division/country:us/state:fl/place:otter_creek,Otter Creek town
ocd-division/country:us/state:fl/place:oviedo,Oviedo city
ocd-division/country:us/state:fl/place:pahokee,Pahokee city
ocd-division/country:us/state:fl/place:palatka,Palatka city
ocd-division/country:us/state:fl/place:palm_bay,Palm Bay city
ocd-division/country:us/state:fl/place:palm_beach,Palm Beach town
ocd-division/country:us/state:fl/place:palm_beach_gardens,Palm Beach Gardens city
ocd-division/country:us/state:fl/place:palm_beach_shores,Palm Beach Shores town
ocd-division/country:us/state:fl/place:palm_coast,Palm Coast city
ocd-division/country:us/state:fl/place:palm_shores,Palm Shores town
ocd-division/country:us/state:fl/place:palm_springs,Palm Springs village
ocd-division/country:us/state:fl/place:palmetto,Palmetto city
ocd-division/country:us/state:fl/place:palmetto_bay,Palmetto Bay village
ocd-division/country:us/state:fl/place:panama_city,Panama City city
ocd-division/country:us/state:fl/place:panama_city_beach,Panama City Beach city
ocd-division/country:us/state:fl/place:parker,Parker city
ocd-division/country:us/state:fl/place:parkland,Parkland city
ocd-division/country:us/state:fl/place:paxton,Paxton town
ocd-division/country:us/state:fl/place:pembroke_park,Pembroke Park town
ocd-division/country:us/state:fl/place:pembroke_pines,Pembroke Pines city
ocd-division/country:us/state:fl/place:penney_farms,Penney Farms town
ocd-division/country:us/state:fl/place:pensacola,Pensacola city
ocd-division/country:us/state:fl/place:perry,Perry city
ocd-division/country:us/state:fl/place:pierson,Pierson town
ocd-division/country:us/state:fl/place:pinecrest,Pinecrest village
ocd-division/country:us/state:fl/place:pinellas_park,Pinellas Park city
ocd-division/country:us/state:fl/place:plant_city,Plant City city
ocd-division/country:us/state:fl/place:plantation,Plantation city
ocd-division/country:us/state:fl/place:polk_city,Polk City town
ocd-division/country:us/state:fl/place:pomona_park,Pomona Park town
ocd-division/country:us/state:fl/place:pompano_beach,Pompano Beach city
ocd-division/country:us/state:fl/place:ponce_de_leon,Ponce de Leon town
ocd-division/country:us/state:fl/place:ponce_inlet,Ponce Inlet town
ocd-division/country:us/state:fl/place:port_orange,Port Orange city
ocd-division/country:us/state:fl/place:port_richey,Port Richey city
ocd-division/country:us/state:fl/place:port_st_joe,Port St. Joe city
ocd-division/country:us/state:fl/place:port_st_lucie,Port St. Lucie city
ocd-division/country:us/state:fl/place:punta_gorda,Punta Gorda city
ocd-division/country:us/state:fl/place:quincy,Quincy city
ocd-division/country:us/state:fl/place:raiford,Raiford town
ocd-division/country:us/state:fl/place:reddick,Reddick town
ocd-division/country:us/state:fl/place:redington_beach,Redington Beach town
ocd-division/country:us/state:fl/place:redington_shores,Redington Shores town
ocd-division/country:us/state:fl/place:riviera_beach,Riviera Beach city
ocd-division/country:us/state:fl/place:rockledge,Rockledge city
ocd-division/country:us/state:fl/place:royal_palm_beach,Royal Palm Beach village
ocd-division/country:us/state:fl/place:safety_harbor,Safety Harbor city
ocd-division/country:us/state:fl/place:san_antonio,San Antonio city
ocd-division/country:us/state:fl/place:sanford,Sanford city
ocd-division/country:us/state:fl/place:sanibel,Sanibel city
ocd-division/country:us/state:fl/place:sarasota,Sarasota city
ocd-division/country:us/state:fl/place:satellite_beach,Satellite Beach city
ocd-division/country:us/state:fl/place:sea_ranch_lakes,Sea Ranch Lakes village
ocd-division/country:us/state:fl/place:sebastian,Sebastian city
ocd-division/country:us/state:fl/place:sebring,Sebring city
ocd-division/country:us/state:fl/place:seminole,Seminole city
ocd-division/country:us/state:fl/place:sewall~s_point,Sewall's Point town
ocd-division/country:us/state:fl/place:shalimar,Shalimar town
ocd-division/country:us/state:fl/place:sneads,Sneads town
ocd-division/country:us/state:fl/place:sopchoppy,Sopchoppy city
ocd-division/country:us/state:fl/place:south_bay,South Bay city
ocd-division/country:us/state:fl/place:south_daytona,South Daytona city
ocd-division/country:us/state:fl/place:south_miami,South Miami city
ocd-division/country:us/state:fl/place:south_palm_beach,South Palm Beach town
ocd-division/country:us/state:fl/place:south_pasadena,South Pasadena city
ocd-division/country:us/state:fl/place:southwest_ranches,Southwest Ranches town
ocd-division/country:us/state:fl/place:springfield,Springfield city
ocd-division/country:us/state:fl/place:st_augustine,St. Augustine city
ocd-division/country:us/state:fl/place:st_augustine_beach,St. Augustine Beach city
ocd-division/country:us/state:fl/place:st_cloud,St. Cloud city
ocd-division/country:us/state:fl/place:st_leo,St. Leo town
ocd-division/country:us/state:fl/place:st_lucie_village,St. Lucie Village town
ocd-division/country:us/state:fl/place:st_marks,St. Marks city
ocd-division/country:us/state:fl/place:st_pete_beach,St. Pete Beach city
ocd-division/country:us/state:fl/place:st_petersburg,St. Petersburg city
ocd-division/country:us/state:fl/place:starke,Starke city
ocd-division/country:us/state:fl/place:stuart,Stuart city
ocd-division/country:us/state:fl/place:sunny_isles_beach,Sunny Isles Beach city
ocd-division/country:us/state:fl/place:sunrise,Sunrise city
ocd-division/country:us/state:fl/place:surfside,Surfside town
ocd-division/country:us/state:fl/place:sweetwater,Sweetwater city
ocd-division/country:us/state:fl/place:tallahassee,Tallahassee city
ocd-division/country:us/state:fl/place:tamarac,Tamarac city
ocd-division/country:us/state:fl/place:tampa,Tampa city
ocd-division/country:us/state:fl/place:tarpon_springs,Tarpon Springs city
ocd-division/country:us/state:fl/place:tavares,Tavares city
ocd-division/country:us/state:fl/place:temple_terrace,Temple Terrace city
ocd-division/country:us/state:fl/place:tequesta,Tequesta village
ocd-division/country:us/state:fl/place:titusville,Titusville city
ocd-division/country:us/state:fl/place:treasure_island,Treasure Island city
ocd-division/country:us/state:fl/place:trenton,Trenton city
ocd-division/country:us/state:fl/place:umatilla,Umatilla city
ocd-division/country:us/state:fl/place:valparaiso,Valparaiso city
ocd-division/country:us/state:fl/place:venice,Venice city
ocd-division/country:us/state:fl/place:vernon,Vernon city
ocd-division/country:us/state:fl/place:vero_beach,Vero Beach city
ocd-division/country:us/state:fl/place:virginia_gardens,Virginia Gardens village
ocd-division/country:us/state:fl/place:waldo,Waldo city
ocd-division/country:us/state:fl/place:wauchula,Wauchula city
ocd-division/country:us/state:fl/place:wausau,Wausau town
ocd-division/country:us/state:fl/place:webster,Webster city
ocd-division/country:us/state:fl/place:weeki_wachee,Weeki Wachee city
ocd-division/country:us/state:fl/place:welaka,Welaka town
ocd-division/country:us/state:fl/place:wellington,Wellington village
ocd-division/country:us/state:fl/place:west_melbourne,West Melbourne city
ocd-division/country:us/state:fl/place:west_miami,West Miami city
ocd-division/country:us/state:fl/place:west_palm_beach,West Palm Beach city
ocd-division/country:us/state:fl/place:west_park,West Park city
ocd-division/country:us/state:fl/place:weston,Weston city
ocd-division/country:us/state:fl/place:westville,Westville town
ocd-division/country:us/state:fl/place:wewahitchka,Wewahitchka city
ocd-division/country:us/state:fl/place:white_springs,White Springs town
ocd-division/country:us/state:fl/place:wildwood,Wildwood city
ocd-division/country:us/state:fl/place:williston,Williston city
ocd-division/country:us/state:fl/place:wilton_manors,Wilton Manors city
ocd-division/country:us/state:fl/place:windermere,Windermere town
ocd-division/country:us/state:fl/place:winter_garden,Winter Garden city
ocd-division/country:us/state:fl/place:winter_haven,Winter Haven city
ocd-division/country:us/state:fl/place:winter_park,Winter Park city
ocd-division/country:us/state:fl/place:winter_springs,Winter Springs city
ocd-division/country:us/state:fl/place:worthington_springs,Worthington Springs town
ocd-division/country:us/state:fl/place:yankeetown,Yankeetown town
ocd-division/country:us/state:fl/place:zephyrhills,Zephyrhills city
ocd-division/country:us/state:fl/place:zolfo_springs,Zolfo Springs town
