ocd-division/country:us/state:wa/county:adams,Adams County
ocd-division/country:us/state:wa/county:asotin,Asotin County
ocd-division/country:us/state:wa/county:benton,Benton County
ocd-division/country:us/state:wa/county:chelan,Chelan County
ocd-division/country:us/state:wa/county:clallam,Clallam County
ocd-division/country:us/state:wa/county:clark,Clark County
ocd-division/country:us/state:wa/county:columbia,Columbia County
ocd-division/country:us/state:wa/county:cowlitz,Cowlitz County
ocd-division/country:us/state:wa/county:douglas,Douglas County
ocd-division/country:us/state:wa/county:ferry,Ferry County
ocd-division/country:us/state:wa/county:franklin,Franklin County
ocd-division/country:us/state:wa/county:garfield,Garfield County
ocd-division/country:us/state:wa/county:grant,Grant County
ocd-division/country:us/state:wa/county:grays_harbor,Grays Harbor County
ocd-division/country:us/state:wa/county:island,Island County
ocd-division/country:us/state:wa/county:jefferson,Jefferson County
ocd-division/country:us/state:wa/county:king,King County
ocd-division/country:us/state:wa/county:kitsap,Kitsap County
ocd-division/country:us/state:wa/county:kittitas,Kittitas County
ocd-division/country:us/state:wa/county:klickitat,Klickitat County
ocd-division/country:us/state:wa/county:lewis,Lewis County
ocd-division/country:us/state:wa/county:lincoln,Lincoln County
ocd-division/country:us/state:wa/county:mason,Mason County
ocd-division/country:us/state:wa/county:okanogan,Okanogan County
ocd-division/country:us/state:wa/county:pacific,Pacific County
ocd-division/country:us/state:wa/county:pend_oreille,Pend Oreille County
ocd-division/country:us/state:wa/county:pierce,Pierce County
ocd-division/country:us/state:wa/county:san_juan,San Juan County
ocd-division/country:us/state:wa/county:skagit,Skagit County
ocd-division/country:us/state:wa/county:skamania,Skamania County
ocd-division/country:us/state:wa/county:snohomish,Snohomish County
ocd-division/country:us/state:wa/county:spokane,Spokane County
ocd-division/country:us/state:wa/county:stevens,Stevens County
ocd-division/country:us/state:wa/county:thurston,Thurston County
ocd-division/country:us/state:wa/county:wahkiakum,Wahkiakum County
ocd-division/country:us/state:wa/county:walla_walla,Walla Walla County
ocd-division/country:us/state:wa/county:whatcom,Whatcom County
ocd-division/country:us/state:wa/county:whitman,Whitman County
ocd-division/country:us/state:wa/county:yakima,Yakima County
ocd-division/country:us/state:wa/place:aberdeen,Aberdeen city
ocd-division/country:us/state:wa/place:airway_heights,Airway Heights city
ocd-division/country:us/state:wa/place:albion,Albion town
ocd-division/country:us/state:wa/place:algona,Algona city
ocd-division/country:us/state:wa/place:almira,Almira town
ocd-division/country:us/state:wa/place:anacortes,Anacortes city
ocd-division/country:us/state:wa/place:arlington,Arlington city
ocd-division/country:us/state:wa/place:asotin,Asotin city
ocd-division/country:us/state:wa/place:auburn,Auburn city
ocd-division/country:us/state:wa/place:bainbridge_island,Bainbridge Island city
ocd-division/country:us/state:wa/place:battle_ground,Battle Ground city
ocd-division/country:us/state:wa/place:beaux_arts_village,Beaux Arts Village town
ocd-division/country:us/state:wa/place:bellevue,Bellevue city
ocd-division/country:us/state:wa/place:bellingham,Bellingham city
ocd-division/country:us/state:wa/place:benton_city,Benton City city
ocd-division/country:us/state:wa/place:bingen,Bingen city
ocd-division/country:us/state:wa/place:black_diamond,Black Diamond city
ocd-division/country:us/state:wa/place:blaine,Blaine city
ocd-division/country:us/state:wa/place:bonney_lake,Bonney Lake city
ocd-division/country:us/state:wa/place:bothell,Bothell city
ocd-division/country:us/state:wa/place:bremerton,Bremerton city
ocd-division/country:us/state:wa/place:brewster,Brewster city
ocd-division/country:us/state:wa/place:bridgeport,Bridgeport city
ocd-division/country:us/state:wa/place:brier,Brier city
ocd-division/country:us/state:wa/place:buckley,Buckley city
ocd-division/country:us/state:wa/place:bucoda,Bucoda town
ocd-division/country:us/state:wa/place:burien,Burien city
ocd-division/country:us/state:wa/place:burlington,Burlington city
ocd-division/country:us/state:wa/place:camas,Camas city
ocd-division/country:us/state:wa/place:carbonado,Carbonado town
ocd-division/country:us/state:wa/place:carnation,Carnation city
ocd-division/country:us/state:wa/place:cashmere,Cashmere city
ocd-division/country:us/state:wa/place:castle_rock,Castle Rock city
ocd-division/country:us/state:wa/place:cathlamet,Cathlamet town
ocd-division/country:us/state:wa/place:centralia,Centralia city
ocd-division/country:us/state:wa/place:chehalis,Chehalis city
ocd-division/country:us/state:wa/place:chelan,Chelan city
ocd-division/country:us/state:wa/place:cheney,Cheney city
ocd-division/country:us/state:wa/place:chewelah,Chewelah city
ocd-division/country:us/state:wa/place:clarkston,Clarkston city
ocd-division/country:us/state:wa/place:cle_elum,Cle Elum city
ocd-division/country:us/state:wa/place:clyde_hill,Clyde Hill city
ocd-division/country:us/state:wa/place:colfax,Colfax city
ocd-division/country:us/state:wa/place:college_place,College Place city
ocd-division/country:us/state:wa/place:colton,Colton town
ocd-division/country:us/state:wa/place:colville,Colville city
ocd-division/country:us/state:wa/place:conconully,Conconully town
ocd-division/country:us/state:wa/place:concrete,Concrete town
ocd-division/country:us/state:wa/place:connell,Connell city
ocd-division/country:us/state:wa/place:cosmopolis,Cosmopolis city
ocd-division/country:us/state:wa/place:coulee_city,Coulee City town
ocd-division/country:us/state:wa/place:coulee_dam,Coulee Dam town
ocd-division/country:us/state:wa/place:coupeville,Coupeville town
ocd-division/country:us/state:wa/place:covington,Covington city
ocd-division/country:us/state:wa/place:creston,Creston town
ocd-division/country:us/state:wa/place:cusick,Cusick town
ocd-division/country:us/state:wa/place:darrington,Darrington town
ocd-division/country:us/state:wa/place:davenport,Davenport city
ocd-division/country:us/state:wa/place:dayton,Dayton city
ocd-division/country:us/state:wa/place:deer_park,Deer Park city
ocd-division/country:us/state:wa/place:des_moines,Des Moines city
ocd-division/country:us/state:wa/place:dupont,DuPont city
ocd-division/country:us/state:wa/place:duvall,Duvall city
ocd-division/country:us/state:wa/place:east_wenatchee,East Wenatchee city
ocd-division/country:us/state:wa/place:eatonville,Eatonville town
ocd-division/country:us/state:wa/place:edgewood,Edgewood city
ocd-division/country:us/state:wa/place:edmonds,Edmonds city
ocd-division/country:us/state:wa/place:electric_city,Electric City city
ocd-division/country:us/state:wa/place:ellensburg,Ellensburg city
ocd-division/country:us/state:wa/place:elma,Elma city
ocd-division/country:us/state:wa/place:elmer_city,Elmer City town
ocd-division/country:us/state:wa/place:endicott,Endicott town
ocd-division/country:us/state:wa/place:entiat,Entiat city
ocd-division/country:us/state:wa/place:enumclaw,Enumclaw city
ocd-division/country:us/state:wa/place:ephrata,Ephrata city
ocd-division/country:us/state:wa/place:everett,Everett city
ocd-division/country:us/state:wa/place:everson,Everson city
ocd-division/country:us/state:wa/place:fairfield,Fairfield town
ocd-division/country:us/state:wa/place:farmington,Farmington town
ocd-division/country:us/state:wa/place:federal_way,Federal Way city
ocd-division/country:us/state:wa/place:ferndale,Ferndale city
ocd-division/country:us/state:wa/place:fife,Fife city
ocd-division/country:us/state:wa/place:fircrest,Fircrest city
ocd-division/country:us/state:wa/place:forks,Forks city
ocd-division/country:us/state:wa/place:friday_harbor,Friday Harbor town
ocd-division/country:us/state:wa/place:garfield,Garfield town
ocd-division/country:us/state:wa/place:george,George city
ocd-division/country:us/state:wa/place:gig_harbor,Gig Harbor city
ocd-division/country:us/state:wa/place:gold_bar,Gold Bar city
ocd-division/country:us/state:wa/place:goldendale,Goldendale city
ocd-division/country:us/state:wa/place:grand_coulee,Grand Coulee city
ocd-division/country:us/state:wa/place:grandview,Grandview city
ocd-division/country:us/state:wa/place:granger,Granger city
ocd-division/country:us/state:wa/place:granite_falls,Granite Falls city
ocd-division/country:us/state:wa/place:hamilton,Hamilton town
ocd-division/country:us/state:wa/place:harrah,Harrah town
ocd-division/country:us/state:wa/place:harrington,Harrington city
ocd-division/country:us/state:wa/place:hartline,Hartline town
ocd-division/country:us/state:wa/place:hatton,Hatton town
ocd-division/country:us/state:wa/place:hoquiam,Hoquiam city
ocd-division/country:us/state:wa/place:hunts_point,Hunts Point town
ocd-division/country:us/state:wa/place:ilwaco,Ilwaco city
ocd-division/country:us/state:wa/place:index,Index town
ocd-division/country:us/state:wa/place:ione,Ione town
ocd-division/country:us/state:wa/place:issaquah,Issaquah city
ocd-division/country:us/state:wa/place:kahlotus,Kahlotus city
ocd-division/country:us/state:wa/place:kalama,Kalama city
ocd-division/country:us/state:wa/place:kelso,Kelso city
ocd-division/country:us/state:wa/place:kenmore,Kenmore city
ocd-division/country:us/state:wa/place:kennewick,Kennewick city
ocd-division/country:us/state:wa/place:kent,Kent city
ocd-division/country:us/state:wa/place:kettle_falls,Kettle Falls city
ocd-division/country:us/state:wa/place:kirkland,Kirkland city
ocd-division/country:us/state:wa/place:kittitas,Kittitas city
ocd-division/country:us/state:wa/place:krupp,Krupp town
ocd-division/country:us/state:wa/place:la_center,La Center city
ocd-division/country:us/state:wa/place:la_conner,La Conner town
ocd-division/country:us/state:wa/place:lacey,Lacey city
ocd-division/country:us/state:wa/place:lacrosse,LaCrosse town
ocd-division/country:us/state:wa/place:lake_forest_park,Lake Forest Park city
ocd-division/country:us/state:wa/place:lake_stevens,Lake Stevens city
ocd-division/country:us/state:wa/place:lakewood,Lakewood city
ocd-division/country:us/state:wa/place:lamont,Lamont town
ocd-division/country:us/state:wa/place:langley,Langley city
ocd-division/country:us/state:wa/place:latah,Latah town
ocd-division/country:us/state:wa/place:leavenworth,Leavenworth city
ocd-division/country:us/state:wa/place:liberty_lake,Liberty Lake city
ocd-division/country:us/state:wa/place:lind,Lind town
ocd-division/country:us/state:wa/place:long_beach,Long Beach city
ocd-division/country:us/state:wa/place:longview,Longview city
ocd-division/country:us/state:wa/place:lyman,Lyman town
ocd-division/country:us/state:wa/place:lynden,Lynden city
ocd-division/country:us/state:wa/place:lynnwood,Lynnwood city
ocd-division/country:us/state:wa/place:mabton,Mabton city
ocd-division/country:us/state:wa/place:malden,Malden town
ocd-division/country:us/state:wa/place:mansfield,Mansfield town
ocd-division/country:us/state:wa/place:maple_valley,Maple Valley city
ocd-division/country:us/state:wa/place:marcus,Marcus town
ocd-division/country:us/state:wa/place:marysville,Marysville city
ocd-division/country:us/state:wa/place:mattawa,Mattawa town
ocd-division/country:us/state:wa/place:mccleary,McCleary city
ocd-division/country:us/state:wa/place:medical_lake,Medical Lake city
ocd-division/country:us/state:wa/place:medina,Medina city
ocd-division/country:us/state:wa/place:mercer_island,Mercer Island city
ocd-division/country:us/state:wa/place:mesa,Mesa city
ocd-division/country:us/state:wa/place:metaline,Metaline town
ocd-division/country:us/state:wa/place:metaline_falls,Metaline Falls town
ocd-division/country:us/state:wa/place:mill_creek,Mill Creek city
ocd-division/country:us/state:wa/place:millwood,Millwood town
ocd-division/country:us/state:wa/place:milton,Milton city
ocd-division/country:us/state:wa/place:monroe,Monroe city
ocd-division/country:us/state:wa/place:montesano,Montesano city
ocd-division/country:us/state:wa/place:morton,Morton city
ocd-division/country:us/state:wa/place:moses_lake,Moses Lake city
ocd-division/country:us/state:wa/place:mossyrock,Mossyrock city
ocd-division/country:us/state:wa/place:mount_vernon,Mount Vernon city
ocd-division/country:us/state:wa/place:mountlake_terrace,Mountlake Terrace city
ocd-division/country:us/state:wa/place:moxee,Moxee city
ocd-division/country:us/state:wa/place:mukilteo,Mukilteo city
ocd-division/country:us/state:wa/place:naches,Naches town
ocd-division/country:us/state:wa/place:napavine,Napavine city
ocd-division/country:us/state:wa/place:nespelem,Nespelem town
ocd-division/country:us/state:wa/place:newcastle,Newcastle city
ocd-division/country:us/state:wa/place:newport,Newport city
ocd-division/country:us/state:wa/place:nooksack,Nooksack city
ocd-division/country:us/state:wa/place:normandy_park,Normandy Park city
ocd-division/country:us/state:wa/place:north_bend,North Bend city
ocd-division/country:us/state:wa/place:north_bonneville,North Bonneville city
ocd-division/country:us/state:wa/place:northport,Northport town
ocd-division/country:us/state:wa/place:oak_harbor,Oak Harbor city
ocd-division/country:us/state:wa/place:oakesdale,Oakesdale town
ocd-division/country:us/state:wa/place:oakville,Oakville city
ocd-division/country:us/state:wa/place:ocean_shores,Ocean Shores city
ocd-division/country:us/state:wa/place:odessa,Odessa town
ocd-division/country:us/state:wa/place:okanogan,Okanogan city
ocd-division/country:us/state:wa/place:olympia,Olympia city
ocd-division/country:us/state:wa/place:omak,Omak city
ocd-division/country:us/state:wa/place:oroville,Oroville city
ocd-division/country:us/state:wa/place:orting,Orting city
ocd-division/country:us/state:wa/place:othello,Othello city
ocd-division/country:us/state:wa/place:pacific,Pacific city
ocd-division/country:us/state:wa/place:palouse,Palouse city
ocd-division/country:us/state:wa/place:pasco,Pasco city
ocd-division/country:us/state:wa/place:pateros,Pateros city
ocd-division/country:us/state:wa/place:pe_ell,Pe Ell town
ocd-division/country:us/state:wa/place:pomeroy,Pomeroy city
ocd-division/country:us/state:wa/place:port_angeles,Port Angeles city
ocd-division/country:us/state:wa/place:port_orchard,Port Orchard city
ocd-division/country:us/state:wa/place:port_townsend,Port Townsend city
ocd-division/country:us/state:wa/place:poulsbo,Poulsbo city
ocd-division/country:us/state:wa/place:prescott,Prescott city
ocd-division/country:us/state:wa/place:prosser,Prosser city
ocd-division/country:us/state:wa/place:pullman,Pullman city
ocd-division/country:us/state:wa/place:puyallup,Puyallup city
ocd-division/country:us/state:wa/place:quincy,Quincy city
ocd-division/country:us/state:wa/place:rainier,Rainier city
ocd-division/country:us/state:wa/place:raymond,Raymond city
ocd-division/country:us/state:wa/place:reardan,Reardan town
ocd-division/country:us/state:wa/place:redmond,Redmond city
ocd-division/country:us/state:wa/place:renton,Renton city
ocd-division/country:us/state:wa/place:republic,Republic city
ocd-division/country:us/state:wa/place:richland,Richland city
ocd-division/country:us/state:wa/place:ridgefield,Ridgefield city
ocd-division/country:us/state:wa/place:ritzville,Ritzville city
ocd-division/country:us/state:wa/place:riverside,Riverside town
ocd-division/country:us/state:wa/place:rock_island,Rock Island city
ocd-division/country:us/state:wa/place:rockford,Rockford town
ocd-division/country:us/state:wa/place:rosalia,Rosalia town
ocd-division/country:us/state:wa/place:roslyn,Roslyn city
ocd-division/country:us/state:wa/place:roy,Roy city
ocd-division/country:us/state:wa/place:royal_city,Royal City city
ocd-division/country:us/state:wa/place:ruston,Ruston town
ocd-division/country:us/state:wa/place:sammamish,Sammamish city
ocd-division/country:us/state:wa/place:seatac,SeaTac city
ocd-division/country:us/state:wa/place:seattle,Seattle city
ocd-division/country:us/state:wa/place:sedro-woolley,Sedro-Woolley city
ocd-division/country:us/state:wa/place:selah,Selah city
ocd-division/country:us/state:wa/place:sequim,Sequim city
ocd-division/country:us/state:wa/place:shelton,Shelton city
ocd-division/country:us/state:wa/place:shoreline,Shoreline city
ocd-division/country:us/state:wa/place:skykomish,Skykomish town
ocd-division/country:us/state:wa/place:snohomish,Snohomish city
ocd-division/country:us/state:wa/place:snoqualmie,Snoqualmie city
ocd-division/country:us/state:wa/place:soap_lake,Soap Lake city
ocd-division/country:us/state:wa/place:south_bend,South Bend city
ocd-division/country:us/state:wa/place:south_cle_elum,South Cle Elum town
ocd-division/country:us/state:wa/place:south_prairie,South Prairie town
ocd-division/country:us/state:wa/place:spangle,Spangle city
ocd-division/country:us/state:wa/place:spokane,Spokane city
ocd-division/country:us/state:wa/place:spokane_valley,Spokane Valley city
ocd-division/country:us/state:wa/place:sprague,Sprague city
ocd-division/country:us/state:wa/place:springdale,Springdale town
ocd-division/country:us/state:wa/place:st_john,St. John town
ocd-division/country:us/state:wa/place:stanwood,Stanwood city
ocd-division/country:us/state:wa/place:starbuck,Starbuck town
ocd-division/country:us/state:wa/place:steilacoom,Steilacoom town
ocd-division/country:us/state:wa/place:stevenson,Stevenson city
ocd-division/country:us/state:wa/place:sultan,Sultan city
ocd-division/country:us/state:wa/place:sumas,Sumas city
ocd-division/country:us/state:wa/place:sumner,Sumner city
ocd-division/country:us/state:wa/place:sunnyside,Sunnyside city
ocd-division/country:us/state:wa/place:tacoma,Tacoma city
ocd-division/country:us/state:wa/place:tekoa,Tekoa city
ocd-division/country:us/state:wa/place:tenino,Tenino city
ocd-division/country:us/state:wa/place:tieton,Tieton town
ocd-division/country:us/state:wa/place:toledo,Toledo city
ocd-division/country:us/state:wa/place:tonasket,Tonasket city
ocd-division/country:us/state:wa/place:toppenish,Toppenish city
ocd-division/country:us/state:wa/place:tukwila,Tukwila city
ocd-division/country:us/state:wa/place:tumwater,Tumwater city
ocd-division/country:us/state:wa/place:twisp,Twisp town
ocd-division/country:us/state:wa/place:union_gap,Union Gap city
ocd-division/country:us/state:wa/place:uniontown,Uniontown town
ocd-division/country:us/state:wa/place:university_place,University Place city
ocd-division/country:us/state:wa/place:vader,Vader city
ocd-division/country:us/state:wa/place:vancouver,Vancouver city
ocd-division/country:us/state:wa/place:waitsburg,Waitsburg city
ocd-division/country:us/state:wa/place:walla_walla,Walla Walla city
ocd-division/country:us/state:wa/place:wapato,Wapato city
ocd-division/country:us/state:wa/place:warden,Warden city
ocd-division/country:us/state:wa/place:washougal,Washougal city
ocd-division/country:us/state:wa/place:washtucna,Washtucna town
ocd-division/country:us/state:wa/place:waterville,Waterville town
ocd-division/country:us/state:wa/place:waverly,Waverly town
ocd-division/country:us/state:wa/place:wenatchee,Wenatchee city
ocd-division/country:us/state:wa/place:west_richland,West Richland city
ocd-division/country:us/state:wa/place:westport,Westport city
ocd-division/country:us/state:wa/place:white_salmon,White Salmon city
ocd-division/country:us/state:wa/place:wilbur,Wilbur town
ocd-division/country:us/state:wa/place:wilkeson,Wilkeson town
ocd-division/country:us/state:wa/place:wilson_creek,Wilson Creek town
ocd-division/country:us/state:wa/place:winlock,Winlock city
ocd-division/country:us/state:wa/place:winthrop,Winthrop town
ocd-division/country:us/state:wa/place:woodinville,Woodinville city
ocd-division/country:us/state:wa/place:woodland,Woodland city
ocd-division/country:us/state:wa/place:woodway,Woodway city
ocd-division/country:us/state:wa/place:yacolt,Yacolt town
ocd-division/country:us/state:wa/place:yakima,Yakima city
ocd-division/country:us/state:wa/place:yarrow_point,Yarrow Point town
ocd-division/country:us/state:wa/place:yelm,Yelm city
ocd-division/country:us/state:wa/place:zillah,Zillah city
