ocd-division/country:us/state:ia/county:adair,Adair County
ocd-division/country:us/state:ia/county:adams,Adams County
ocd-division/country:us/state:ia/county:allamakee,Allamakee County
ocd-division/country:us/state:ia/county:appanoose,Appanoose County
ocd-division/country:us/state:ia/county:audubon,Audubon County
ocd-division/country:us/state:ia/county:benton,Benton County
ocd-division/country:us/state:ia/county:black_hawk,Black Hawk County
ocd-division/country:us/state:ia/county:boone,Boone County
ocd-division/country:us/state:ia/county:bremer,Bremer County
ocd-division/country:us/state:ia/county:buchanan,Buchanan County
ocd-division/country:us/state:ia/county:buena_vista,Buena Vista County
ocd-division/country:us/state:ia/county:butler,Butler County
ocd-division/country:us/state:ia/county:calhoun,Calhoun County
ocd-division/country:us/state:ia/county:carroll,Carroll County
ocd-division/country:us/state:ia/county:cass,Cass County
ocd-division/country:us/state:ia/county:cedar,Cedar County
ocd-division/country:us/state:ia/county:cerro_gordo,Cerro Gordo County
ocd-division/country:us/state:ia/county:cherokee,Cherokee County
ocd-division/country:us/state:ia/county:chickasaw,Chickasaw County
ocd-division/country:us/state:ia/county:clarke,Clarke County
ocd-division/country:us/state:ia/county:clay,Clay County
ocd-division/country:us/state:ia/county:clayton,Clayton County
ocd-division/country:us/state:ia/county:clinton,Clinton County
ocd-division/country:us/state:ia/county:crawford,Crawford County
ocd-division/country:us/state:ia/county:dallas,Dallas County
ocd-division/country:us/state:ia/county:davis,Davis County
ocd-division/country:us/state:ia/county:decatur,Decatur County
ocd-division/country:us/state:ia/county:delaware,Delaware County
ocd-division/country:us/state:ia/county:des_moines,Des Moines County
ocd-division/country:us/state:ia/county:dickinson,Dickinson County
ocd-division/country:us/state:ia/county:dubuque,Dubuque County
ocd-division/country:us/state:ia/county:emmet,Emmet County
ocd-division/country:us/state:ia/county:fayette,Fayette County
ocd-division/country:us/state:ia/county:floyd,Floyd County
ocd-division/country:us/state:ia/county:franklin,Franklin County
ocd-division/country:us/state:ia/county:fremont,Fremont County
ocd-division/country:us/state:ia/county:greene,Greene County
ocd-division/country:us/state:ia/county:grundy,Grundy County
ocd-division/country:us/state:ia/county:guthrie,Guthrie County
ocd-division/country:us/state:ia/county:hamilton,Hamilton County
ocd-division/country:us/state:ia/county:hancock,Hancock County
ocd-division/country:us/state:ia/county:hardin,Hardin County
ocd-division/country:us/state:ia/county:harrison,Harrison County
ocd-division/country:us/state:ia/county:henry,Henry County
ocd-division/country:us/state:ia/county:howard,Howard County
ocd-division/country:us/state:ia/county:humboldt,Humboldt County
ocd-division/country:us/state:ia/county:ida,Ida County
ocd-division/country:us/state:ia/county:iowa,Iowa County
ocd-division/country:us/state:ia/county:jackson,Jackson County
ocd-division/country:us/state:ia/county:jasper,Jasper County
ocd-division/country:us/state:ia/county:jefferson,Jefferson County
ocd-division/country:us/state:ia/county:johnson,Johnson County
ocd-division/country:us/state:ia/county:jones,Jones County
ocd-division/country:us/state:ia/county:keokuk,Keokuk County
ocd-division/country:us/state:ia/county:kossuth,Kossuth County
ocd-division/country:us/state:ia/county:lee,Lee County
ocd-division/country:us/state:ia/county:linn,Linn County
ocd-division/country:us/state:ia/county:louisa,Louisa County
ocd-division/country:us/state:ia/county:lucas,Lucas County
ocd-division/country:us/state:ia/county:lyon,Lyon County
ocd-division/country:us/state:ia/county:madison,Madison County
ocd-division/country:us/state:ia/county:mahaska,Mahaska County
ocd-division/country:us/state:ia/county:marion,Marion County
ocd-division/country:us/state:ia/county:marshall,Marshall County
ocd-division/country:us/state:ia/county:mills,Mills County
ocd-division/country:us/state:ia/county:mitchell,Mitchell County
ocd-division/country:us/state:ia/county:monona,Monona County
ocd-division/country:us/state:ia/county:monroe,Monroe County
ocd-division/country:us/state:ia/county:montgomery,Montgomery County
ocd-division/country:us/state:ia/county:muscatine,Muscatine County
ocd-division/country:us/state:ia/county:osceola,Osceola County
ocd-division/country:us/state:ia/county:o~brien,O'Brien County
ocd-division/country:us/state:ia/county:page,Page County
ocd-division/country:us/state:ia/county:palo_alto,Palo Alto County
ocd-division/country:us/state:ia/county:plymouth,Plymouth County
ocd-division/country:us/state:ia/county:pocahontas,Pocahontas County
ocd-division/country:us/state:ia/county:polk,Polk County
ocd-division/country:us/state:ia/county:pottawattamie,Pottawattamie County
ocd-division/country:us/state:ia/county:poweshiek,Poweshiek County
ocd-division/country:us/state:ia/county:ringgold,Ringgold County
ocd-division/country:us/state:ia/county:sac,Sac County
ocd-division/country:us/state:ia/county:scott,Scott County
ocd-division/country:us/state:ia/county:shelby,Shelby County
ocd-division/country:us/state:ia/county:sioux,Sioux County
ocd-division/country:us/state:ia/county:story,Story County
ocd-division/country:us/state:ia/county:tama,Tama County
ocd-division/country:us/state:ia/county:taylor,Taylor County
ocd-division/country:us/state:ia/county:union,Union County
ocd-division/country:us/state:ia/county:van_buren,Van Buren County
ocd-division/country:us/state:ia/county:wapello,Wapello County
ocd-division/country:us/state:ia/county:warren,Warren County
ocd-division/country:us/state:ia/county:washington,Washington County
ocd-division/country:us/state:ia/county:wayne,Wayne County
ocd-division/country:us/state:ia/county:webster,Webster County
ocd-division/country:us/state:ia/county:winnebago,Winnebago County
ocd-division/country:us/state:ia/county:winneshiek,Winneshiek County
ocd-division/country:us/state:ia/county:woodbury,Woodbury County
ocd-division/country:us/state:ia/county:worth,Worth County
ocd-division/country:us/state:ia/county:wright,Wright County
ocd-division/country:us/state:ia/place:ackley,Ackley city
ocd-division/country:us/state:ia/place:ackworth,Ackworth city
ocd-division/country:us/state:ia/place:adair,Adair city
ocd-division/country:us/state:ia/place:adel,Adel city
ocd-division/country:us/state:ia/place:afton,Afton city
ocd-division/country:us/state:ia/place:agency,Agency city
ocd-division/country:us/state:ia/place:ainsworth,Ainsworth city
ocd-division/country:us/state:ia/place:akron,Akron city
ocd-division/country:us/state:ia/place:albert_city,Albert City city
ocd-division/country:us/state:ia/place:albia,Albia city
ocd-division/country:us/state:ia/place:albion,Albion city
ocd-division/country:us/state:ia/place:alburnett,Alburnett city
ocd-division/country:us/state:ia/place:alden,Alden city
ocd-division/country:us/state:ia/place:alexander,Alexander city
ocd-division/country:us/state:ia/place:algona,Algona city
ocd-division/country:us/state:ia/place:alleman,Alleman city
ocd-division/country:us/state:ia/place:allerton,Allerton city
ocd-division/country:us/state:ia/place:allison,Allison city
ocd-division/country:us/state:ia/place:alta,Alta city
ocd-division/country:us/state:ia/place:alta_vista,Alta Vista city
ocd-division/country:us/state:ia/place:alton,Alton city
ocd-division/country:us/state:ia/place:altoona,Altoona city
ocd-division/country:us/state:ia/place:alvord,Alvord city
ocd-division/country:us/state:ia/place:ames,Ames city
ocd-division/country:us/state:ia/place:anamosa,Anamosa city
ocd-division/country:us/state:ia/place:andover,Andover city
ocd-division/country:us/state:ia/place:andrew,Andrew city
ocd-division/country:us/state:ia/place:anita,Anita city
ocd-division/country:us/state:ia/place:ankeny,Ankeny city
ocd-division/country:us/state:ia/place:anthon,Anthon city
ocd-division/country:us/state:ia/place:aplington,Aplington city
ocd-division/country:us/state:ia/place:arcadia,Arcadia city
ocd-division/country:us/state:ia/place:archer,Archer city
ocd-division/country:us/state:ia/place:aredale,Aredale city
ocd-division/country:us/state:ia/place:arion,Arion city
ocd-division/country:us/state:ia/place:arispe,Arispe city
ocd-division/country:us/state:ia/place:arlington,Arlington city
ocd-division/country:us/state:ia/place:armstrong,Armstrong city
ocd-division/country:us/state:ia/place:arnolds_park,Arnolds Park city
ocd-division/country:us/state:ia/place:arthur,Arthur city
ocd-division/country:us/state:ia/place:asbury,Asbury city
ocd-division/country:us/state:ia/place:ashton,Ashton city
ocd-division/country:us/state:ia/place:aspinwall,Aspinwall city
ocd-division/country:us/state:ia/place:atalissa,Atalissa city
ocd-division/country:us/state:ia/place:atkins,Atkins city
ocd-division/country:us/state:ia/place:atlantic,Atlantic city
ocd-division/country:us/state:ia/place:auburn,Auburn city
ocd-division/country:us/state:ia/place:audubon,Audubon city
ocd-division/country:us/state:ia/place:aurelia,Aurelia city
ocd-division/country:us/state:ia/place:aurora,Aurora city
ocd-division/country:us/state:ia/place:avoca,Avoca city
ocd-division/country:us/state:ia/place:ayrshire,Ayrshire city
ocd-division/country:us/state:ia/place:badger,Badger city
ocd-division/country:us/state:ia/place:bagley,Bagley city
ocd-division/country:us/state:ia/place:baldwin,Baldwin city
ocd-division/country:us/state:ia/place:balltown,Balltown city
ocd-division/country:us/state:ia/place:bancroft,Bancroft city
ocd-division/country:us/state:ia/place:bankston,Bankston city
ocd-division/country:us/state:ia/place:barnes_city,Barnes City city
ocd-division/country:us/state:ia/place:barnum,Barnum city
ocd-division/country:us/state:ia/place:bassett,Bassett city
ocd-division/country:us/state:ia/place:batavia,Batavia city
ocd-division/country:us/state:ia/place:battle_creek,Battle Creek city
ocd-division/country:us/state:ia/place:baxter,Baxter city
ocd-division/country:us/state:ia/place:bayard,Bayard city
ocd-division/country:us/state:ia/place:beacon,Beacon city
ocd-division/country:us/state:ia/place:beaconsfield,Beaconsfield city
ocd-division/country:us/state:ia/place:beaman,Beaman city
ocd-division/country:us/state:ia/place:beaver,Beaver city
ocd-division/country:us/state:ia/place:bedford,Bedford city
ocd-division/country:us/state:ia/place:belle_plaine,Belle Plaine city
ocd-division/country:us/state:ia/place:bellevue,Bellevue city
ocd-division/country:us/state:ia/place:belmond,Belmond city
ocd-division/country:us/state:ia/place:bennett,Bennett city
ocd-division/country:us/state:ia/place:benton,Benton city
ocd-division/country:us/state:ia/place:berkley,Berkley city
ocd-division/country:us/state:ia/place:bernard,Bernard city
ocd-division/country:us/state:ia/place:bertram,Bertram city
ocd-division/country:us/state:ia/place:bettendorf,Bettendorf city
ocd-division/country:us/state:ia/place:bevington,Bevington city
ocd-division/country:us/state:ia/place:birmingham,Birmingham city
ocd-division/country:us/state:ia/place:blairsburg,Blairsburg city
ocd-division/country:us/state:ia/place:blairstown,Blairstown city
ocd-division/country:us/state:ia/place:blakesburg,Blakesburg city
ocd-division/country:us/state:ia/place:blanchard,Blanchard city
ocd-division/country:us/state:ia/place:blencoe,Blencoe city
ocd-division/country:us/state:ia/place:blockton,Blockton city
ocd-division/country:us/state:ia/place:bloomfield,Bloomfield city
ocd-division/country:us/state:ia/place:blue_grass,Blue Grass city
ocd-division/country:us/state:ia/place:bode,Bode city
ocd-division/country:us/state:ia/place:bonaparte,Bonaparte city
ocd-division/country:us/state:ia/place:bondurant,Bondurant city
ocd-division/country:us/state:ia/place:boone,Boone city
ocd-division/country:us/state:ia/place:bouton,Bouton city
ocd-division/country:us/state:ia/place:boxholm,Boxholm city
ocd-division/country:us/state:ia/place:boyden,Boyden city
ocd-division/country:us/state:ia/place:braddyville,Braddyville city
ocd-division/country:us/state:ia/place:bradgate,Bradgate city
ocd-division/country:us/state:ia/place:brandon,Brandon city
ocd-division/country:us/state:ia/place:brayton,Brayton city
ocd-division/country:us/state:ia/place:breda,Breda city
ocd-division/country:us/state:ia/place:bridgewater,Bridgewater city
ocd-division/country:us/state:ia/place:brighton,Brighton city
ocd-division/country:us/state:ia/place:bristow,Bristow city
ocd-division/country:us/state:ia/place:britt,Britt city
ocd-division/country:us/state:ia/place:bronson,Bronson city
ocd-division/country:us/state:ia/place:brooklyn,Brooklyn city
ocd-division/country:us/state:ia/place:brunsville,Brunsville city
ocd-division/country:us/state:ia/place:buck_grove,Buck Grove city
ocd-division/country:us/state:ia/place:buckeye,Buckeye city
ocd-division/country:us/state:ia/place:buffalo,Buffalo city
ocd-division/country:us/state:ia/place:buffalo_center,Buffalo Center city
ocd-division/country:us/state:ia/place:burlington,Burlington city
ocd-division/country:us/state:ia/place:burt,Burt city
ocd-division/country:us/state:ia/place:bussey,Bussey city
ocd-division/country:us/state:ia/place:calamus,Calamus city
ocd-division/country:us/state:ia/place:callender,Callender city
ocd-division/country:us/state:ia/place:calmar,Calmar city
ocd-division/country:us/state:ia/place:calumet,Calumet city
ocd-division/country:us/state:ia/place:camanche,Camanche city
ocd-division/country:us/state:ia/place:cambridge,Cambridge city
ocd-division/country:us/state:ia/place:cantril,Cantril city
ocd-division/country:us/state:ia/place:carbon,Carbon city
ocd-division/country:us/state:ia/place:carlisle,Carlisle city
ocd-division/country:us/state:ia/place:carpenter,Carpenter city
ocd-division/country:us/state:ia/place:carroll,Carroll city
ocd-division/country:us/state:ia/place:carson,Carson city
ocd-division/country:us/state:ia/place:carter_lake,Carter Lake city
ocd-division/country:us/state:ia/place:cascade,Cascade city
ocd-division/country:us/state:ia/place:casey,Casey city
ocd-division/country:us/state:ia/place:castalia,Castalia city
ocd-division/country:us/state:ia/place:castana,Castana city
ocd-division/country:us/state:ia/place:cedar_falls,Cedar Falls city
ocd-division/country:us/state:ia/place:cedar_rapids,Cedar Rapids city
ocd-division/country:us/state:ia/place:center_junction,Center Junction city
ocd-division/country:us/state:ia/place:center_point,Center Point city
ocd-division/country:us/state:ia/place:centerville,Centerville city
ocd-division/country:us/state:ia/place:central_city,Central City city
ocd-division/country:us/state:ia/place:centralia,Centralia city
ocd-division/country:us/state:ia/place:chariton,Chariton city
ocd-division/country:us/state:ia/place:charles_city,Charles City city
ocd-division/country:us/state:ia/place:charlotte,Charlotte city
ocd-division/country:us/state:ia/place:charter_oak,Charter Oak city
ocd-division/country:us/state:ia/place:chatsworth,Chatsworth city
ocd-division/country:us/state:ia/place:chelsea,Chelsea city
ocd-division/country:us/state:ia/place:cherokee,Cherokee city
ocd-division/country:us/state:ia/place:chester,Chester city
ocd-division/country:us/state:ia/place:chillicothe,Chillicothe city
ocd-division/country:us/state:ia/place:churdan,Churdan city
ocd-division/country:us/state:ia/place:cincinnati,Cincinnati city
ocd-division/country:us/state:ia/place:clare,Clare city
ocd-division/country:us/state:ia/place:clarence,Clarence city
ocd-division/country:us/state:ia/place:clarinda,Clarinda city
ocd-division/country:us/state:ia/place:clarion,Clarion city
ocd-division/country:us/state:ia/place:clarksville,Clarksville city
ocd-division/country:us/state:ia/place:clayton,Clayton city
ocd-division/country:us/state:ia/place:clear_lake,Clear Lake city
ocd-division/country:us/state:ia/place:clearfield,Clearfield city
ocd-division/country:us/state:ia/place:cleghorn,Cleghorn city
ocd-division/country:us/state:ia/place:clemons,Clemons city
ocd-division/country:us/state:ia/place:clermont,Clermont city
ocd-division/country:us/state:ia/place:clinton,Clinton city
ocd-division/country:us/state:ia/place:clio,Clio city
ocd-division/country:us/state:ia/place:clive,Clive city
ocd-division/country:us/state:ia/place:clutier,Clutier city
ocd-division/country:us/state:ia/place:coburg,Coburg city
ocd-division/country:us/state:ia/place:coggon,Coggon city
ocd-division/country:us/state:ia/place:coin,Coin city
ocd-division/country:us/state:ia/place:colesburg,Colesburg city
ocd-division/country:us/state:ia/place:colfax,Colfax city
ocd-division/country:us/state:ia/place:college_springs,College Springs city
ocd-division/country:us/state:ia/place:collins,Collins city
ocd-division/country:us/state:ia/place:colo,Colo city
ocd-division/country:us/state:ia/place:columbus_city,Columbus City city
ocd-division/country:us/state:ia/place:columbus_junction,Columbus Junction city
ocd-division/country:us/state:ia/place:colwell,Colwell city
ocd-division/country:us/state:ia/place:conesville,Conesville city
ocd-division/country:us/state:ia/place:conrad,Conrad city
ocd-division/country:us/state:ia/place:conway,Conway city
ocd-division/country:us/state:ia/place:coon_rapids,Coon Rapids city
ocd-division/country:us/state:ia/place:coppock,Coppock city
ocd-division/country:us/state:ia/place:coralville,Coralville city
ocd-division/country:us/state:ia/place:corning,Corning city
ocd-division/country:us/state:ia/place:correctionville,Correctionville city
ocd-division/country:us/state:ia/place:corwith,Corwith city
ocd-division/country:us/state:ia/place:corydon,Corydon city
ocd-division/country:us/state:ia/place:cotter,Cotter city
ocd-division/country:us/state:ia/place:coulter,Coulter city
ocd-division/country:us/state:ia/place:council_bluffs,Council Bluffs city
ocd-division/country:us/state:ia/place:craig,Craig city
ocd-division/country:us/state:ia/place:crawfordsville,Crawfordsville city
ocd-division/country:us/state:ia/place:crescent,Crescent city
ocd-division/country:us/state:ia/place:cresco,Cresco city
ocd-division/country:us/state:ia/place:creston,Creston city
ocd-division/country:us/state:ia/place:cromwell,Cromwell city
ocd-division/country:us/state:ia/place:crystal_lake,Crystal Lake city
ocd-division/country:us/state:ia/place:cumberland,Cumberland city
ocd-division/country:us/state:ia/place:cumming,Cumming city
ocd-division/country:us/state:ia/place:curlew,Curlew city
ocd-division/country:us/state:ia/place:cushing,Cushing city
ocd-division/country:us/state:ia/place:cylinder,Cylinder city
ocd-division/country:us/state:ia/place:dakota_city,Dakota City city
ocd-division/country:us/state:ia/place:dallas_center,Dallas Center city
ocd-division/country:us/state:ia/place:dana,Dana city
ocd-division/country:us/state:ia/place:danbury,Danbury city
ocd-division/country:us/state:ia/place:danville,Danville city
ocd-division/country:us/state:ia/place:davenport,Davenport city
ocd-division/country:us/state:ia/place:davis_city,Davis City city
ocd-division/country:us/state:ia/place:dawson,Dawson city
ocd-division/country:us/state:ia/place:dayton,Dayton city
ocd-division/country:us/state:ia/place:de_soto,De Soto city
ocd-division/country:us/state:ia/place:de_witt,De Witt city
ocd-division/country:us/state:ia/place:decatur_city,Decatur City city
ocd-division/country:us/state:ia/place:decorah,Decorah city
ocd-division/country:us/state:ia/place:dedham,Dedham city
ocd-division/country:us/state:ia/place:deep_river,Deep River city
ocd-division/country:us/state:ia/place:defiance,Defiance city
ocd-division/country:us/state:ia/place:delaware,Delaware city
ocd-division/country:us/state:ia/place:delhi,Delhi city
ocd-division/country:us/state:ia/place:delmar,Delmar city
ocd-division/country:us/state:ia/place:deloit,Deloit city
ocd-division/country:us/state:ia/place:delphos,Delphos city
ocd-division/country:us/state:ia/place:delta,Delta city
ocd-division/country:us/state:ia/place:denison,Denison city
ocd-division/country:us/state:ia/place:denver,Denver city
ocd-division/country:us/state:ia/place:derby,Derby city
ocd-division/country:us/state:ia/place:des_moines,Des Moines city
ocd-division/country:us/state:ia/place:dexter,Dexter city
ocd-division/country:us/state:ia/place:diagonal,Diagonal city
ocd-division/country:us/state:ia/place:dickens,Dickens city
ocd-division/country:us/state:ia/place:dike,Dike city
ocd-division/country:us/state:ia/place:dixon,Dixon city
ocd-division/country:us/state:ia/place:dolliver,Dolliver city
ocd-division/country:us/state:ia/place:donahue,Donahue city
ocd-division/country:us/state:ia/place:donnellson,Donnellson city
ocd-division/country:us/state:ia/place:doon,Doon city
ocd-division/country:us/state:ia/place:dougherty,Dougherty city
ocd-division/country:us/state:ia/place:dow_city,Dow City city
ocd-division/country:us/state:ia/place:dows,Dows city
ocd-division/country:us/state:ia/place:drakesville,Drakesville city
ocd-division/country:us/state:ia/place:dubuque,Dubuque city
ocd-division/country:us/state:ia/place:dumont,Dumont city
ocd-division/country:us/state:ia/place:duncombe,Duncombe city
ocd-division/country:us/state:ia/place:dundee,Dundee city
ocd-division/country:us/state:ia/place:dunkerton,Dunkerton city
ocd-division/country:us/state:ia/place:dunlap,Dunlap city
ocd-division/country:us/state:ia/place:durango,Durango city
ocd-division/country:us/state:ia/place:durant,Durant city
ocd-division/country:us/state:ia/place:dyersville,Dyersville city
ocd-division/country:us/state:ia/place:dysart,Dysart city
ocd-division/country:us/state:ia/place:eagle_grove,Eagle Grove city
ocd-division/country:us/state:ia/place:earlham,Earlham city
ocd-division/country:us/state:ia/place:earling,Earling city
ocd-division/country:us/state:ia/place:earlville,Earlville city
ocd-division/country:us/state:ia/place:early,Early city
ocd-division/country:us/state:ia/place:east_peru,East Peru city
ocd-division/country:us/state:ia/place:eddyville,Eddyville city
ocd-division/country:us/state:ia/place:edgewood,Edgewood city
ocd-division/country:us/state:ia/place:elberon,Elberon city
ocd-division/country:us/state:ia/place:eldon,Eldon city
ocd-division/country:us/state:ia/place:eldora,Eldora city
ocd-division/country:us/state:ia/place:eldridge,Eldridge city
ocd-division/country:us/state:ia/place:elgin,Elgin city
ocd-division/country:us/state:ia/place:elk_horn,Elk Horn city
ocd-division/country:us/state:ia/place:elk_run_heights,Elk Run Heights city
ocd-division/country:us/state:ia/place:elkader,Elkader city
ocd-division/country:us/state:ia/place:elkhart,Elkhart city
ocd-division/country:us/state:ia/place:elkport,Elkport city
ocd-division/country:us/state:ia/place:elliott,Elliott city
ocd-division/country:us/state:ia/place:ellston,Ellston city
ocd-division/country:us/state:ia/place:ellsworth,Ellsworth city
ocd-division/country:us/state:ia/place:elma,Elma city
ocd-division/country:us/state:ia/place:ely,Ely city
ocd-division/country:us/state:ia/place:emerson,Emerson city
ocd-division/country:us/state:ia/place:emmetsburg,Emmetsburg city
ocd-division/country:us/state:ia/place:epworth,Epworth city
ocd-division/country:us/state:ia/place:essex,Essex city
ocd-division/country:us/state:ia/place:estherville,Estherville city
ocd-division/country:us/state:ia/place:evansdale,Evansdale city
ocd-division/country:us/state:ia/place:everly,Everly city
ocd-division/country:us/state:ia/place:exira,Exira city
ocd-division/country:us/state:ia/place:exline,Exline city
ocd-division/country:us/state:ia/place:fairbank,Fairbank city
ocd-division/country:us/state:ia/place:fairfax,Fairfax city
ocd-division/country:us/state:ia/place:fairfield,Fairfield city
ocd-division/country:us/state:ia/place:farley,Farley city
ocd-division/country:us/state:ia/place:farmersburg,Farmersburg city
ocd-division/country:us/state:ia/place:farmington,Farmington city
ocd-division/country:us/state:ia/place:farnhamville,Farnhamville city
ocd-division/country:us/state:ia/place:farragut,Farragut city
ocd-division/country:us/state:ia/place:fayette,Fayette city
ocd-division/country:us/state:ia/place:fenton,Fenton city
ocd-division/country:us/state:ia/place:ferguson,Ferguson city
ocd-division/country:us/state:ia/place:fertile,Fertile city
ocd-division/country:us/state:ia/place:floris,Floris city
ocd-division/country:us/state:ia/place:floyd,Floyd city
ocd-division/country:us/state:ia/place:fonda,Fonda city
ocd-division/country:us/state:ia/place:fontanelle,Fontanelle city
ocd-division/country:us/state:ia/place:forest_city,Forest City city
ocd-division/country:us/state:ia/place:fort_atkinson,Fort Atkinson city
ocd-division/country:us/state:ia/place:fort_dodge,Fort Dodge city
ocd-division/country:us/state:ia/place:fort_madison,Fort Madison city
ocd-division/country:us/state:ia/place:fostoria,Fostoria city
ocd-division/country:us/state:ia/place:franklin,Franklin city
ocd-division/country:us/state:ia/place:fraser,Fraser city
ocd-division/country:us/state:ia/place:fredericksburg,Fredericksburg city
ocd-division/country:us/state:ia/place:frederika,Frederika city
ocd-division/country:us/state:ia/place:fredonia,Fredonia city
ocd-division/country:us/state:ia/place:fremont,Fremont city
ocd-division/country:us/state:ia/place:fruitland,Fruitland city
ocd-division/country:us/state:ia/place:galt,Galt city
ocd-division/country:us/state:ia/place:galva,Galva city
ocd-division/country:us/state:ia/place:garber,Garber city
ocd-division/country:us/state:ia/place:garden_grove,Garden Grove city
ocd-division/country:us/state:ia/place:garnavillo,Garnavillo city
ocd-division/country:us/state:ia/place:garner,Garner city
ocd-division/country:us/state:ia/place:garrison,Garrison city
ocd-division/country:us/state:ia/place:garwin,Garwin city
ocd-division/country:us/state:ia/place:geneva,Geneva city
ocd-division/country:us/state:ia/place:george,George city
ocd-division/country:us/state:ia/place:gibson,Gibson city
ocd-division/country:us/state:ia/place:gilbert,Gilbert city
ocd-division/country:us/state:ia/place:gilbertville,Gilbertville city
ocd-division/country:us/state:ia/place:gillett_grove,Gillett Grove city
ocd-division/country:us/state:ia/place:gilman,Gilman city
ocd-division/country:us/state:ia/place:gilmore_city,Gilmore City city
ocd-division/country:us/state:ia/place:gladbrook,Gladbrook city
ocd-division/country:us/state:ia/place:glenwood,Glenwood city
ocd-division/country:us/state:ia/place:glidden,Glidden city
ocd-division/country:us/state:ia/place:goldfield,Goldfield city
ocd-division/country:us/state:ia/place:goodell,Goodell city
ocd-division/country:us/state:ia/place:goose_lake,Goose Lake city
ocd-division/country:us/state:ia/place:gowrie,Gowrie city
ocd-division/country:us/state:ia/place:graettinger,Graettinger city
ocd-division/country:us/state:ia/place:graf,Graf city
ocd-division/country:us/state:ia/place:grafton,Grafton city
ocd-division/country:us/state:ia/place:grand_junction,Grand Junction city
ocd-division/country:us/state:ia/place:grand_mound,Grand Mound city
ocd-division/country:us/state:ia/place:grand_river,Grand River city
ocd-division/country:us/state:ia/place:grandview,Grandview city
ocd-division/country:us/state:ia/place:granger,Granger city
ocd-division/country:us/state:ia/place:grant,Grant city
ocd-division/country:us/state:ia/place:granville,Granville city
ocd-division/country:us/state:ia/place:gravity,Gravity city
ocd-division/country:us/state:ia/place:gray,Gray city
ocd-division/country:us/state:ia/place:greeley,Greeley city
ocd-division/country:us/state:ia/place:greene,Greene city
ocd-division/country:us/state:ia/place:greenfield,Greenfield city
ocd-division/country:us/state:ia/place:greenville,Greenville city
ocd-division/country:us/state:ia/place:grimes,Grimes city
ocd-division/country:us/state:ia/place:grinnell,Grinnell city
ocd-division/country:us/state:ia/place:griswold,Griswold city
ocd-division/country:us/state:ia/place:grundy_center,Grundy Center city
ocd-division/country:us/state:ia/place:gruver,Gruver city
ocd-division/country:us/state:ia/place:guernsey,Guernsey city
ocd-division/country:us/state:ia/place:guthrie_center,Guthrie Center city
ocd-division/country:us/state:ia/place:guttenberg,Guttenberg city
ocd-division/country:us/state:ia/place:halbur,Halbur city
ocd-division/country:us/state:ia/place:hamburg,Hamburg city
ocd-division/country:us/state:ia/place:hamilton,Hamilton city
ocd-division/country:us/state:ia/place:hampton,Hampton city
ocd-division/country:us/state:ia/place:hancock,Hancock city
ocd-division/country:us/state:ia/place:hanlontown,Hanlontown city
ocd-division/country:us/state:ia/place:hansell,Hansell city
ocd-division/country:us/state:ia/place:harcourt,Harcourt city
ocd-division/country:us/state:ia/place:hardy,Hardy city
ocd-division/country:us/state:ia/place:harlan,Harlan city
ocd-division/country:us/state:ia/place:harper,Harper city
ocd-division/country:us/state:ia/place:harpers_ferry,Harpers Ferry city
ocd-division/country:us/state:ia/place:harris,Harris city
ocd-division/country:us/state:ia/place:hartford,Hartford city
ocd-division/country:us/state:ia/place:hartley,Hartley city
ocd-division/country:us/state:ia/place:hartwick,Hartwick city
ocd-division/country:us/state:ia/place:harvey,Harvey city
ocd-division/country:us/state:ia/place:hastings,Hastings city
ocd-division/country:us/state:ia/place:havelock,Havelock city
ocd-division/country:us/state:ia/place:haverhill,Haverhill city
ocd-division/country:us/state:ia/place:hawarden,Hawarden city
ocd-division/country:us/state:ia/place:hawkeye,Hawkeye city
ocd-division/country:us/state:ia/place:hayesville,Hayesville city
ocd-division/country:us/state:ia/place:hazleton,Hazleton city
ocd-division/country:us/state:ia/place:hedrick,Hedrick city
ocd-division/country:us/state:ia/place:henderson,Henderson city
ocd-division/country:us/state:ia/place:hepburn,Hepburn city
ocd-division/country:us/state:ia/place:hiawatha,Hiawatha city
ocd-division/country:us/state:ia/place:hills,Hills city
ocd-division/country:us/state:ia/place:hillsboro,Hillsboro city
ocd-division/country:us/state:ia/place:hinton,Hinton city
ocd-division/country:us/state:ia/place:holland,Holland city
ocd-division/country:us/state:ia/place:holstein,Holstein city
ocd-division/country:us/state:ia/place:holy_cross,Holy Cross city
ocd-division/country:us/state:ia/place:hopkinton,Hopkinton city
ocd-division/country:us/state:ia/place:hornick,Hornick city
ocd-division/country:us/state:ia/place:hospers,Hospers city
ocd-division/country:us/state:ia/place:houghton,Houghton city
ocd-division/country:us/state:ia/place:hubbard,Hubbard city
ocd-division/country:us/state:ia/place:hudson,Hudson city
ocd-division/country:us/state:ia/place:hull,Hull city
ocd-division/country:us/state:ia/place:humboldt,Humboldt city
ocd-division/country:us/state:ia/place:humeston,Humeston city
ocd-division/country:us/state:ia/place:huxley,Huxley city
ocd-division/country:us/state:ia/place:ida_grove,Ida Grove city
ocd-division/country:us/state:ia/place:imogene,Imogene city
ocd-division/country:us/state:ia/place:independence,Independence city
ocd-division/country:us/state:ia/place:indianola,Indianola city
ocd-division/country:us/state:ia/place:inwood,Inwood city
ocd-division/country:us/state:ia/place:ionia,Ionia city
ocd-division/country:us/state:ia/place:iowa_city,Iowa City city
ocd-division/country:us/state:ia/place:iowa_falls,Iowa Falls city
ocd-division/country:us/state:ia/place:ireton,Ireton city
ocd-division/country:us/state:ia/place:irwin,Irwin city
ocd-division/country:us/state:ia/place:jackson_junction,Jackson Junction city
ocd-division/country:us/state:ia/place:jamaica,Jamaica city
ocd-division/country:us/state:ia/place:janesville,Janesville city
ocd-division/country:us/state:ia/place:jefferson,Jefferson city
ocd-division/country:us/state:ia/place:jesup,Jesup city
ocd-division/country:us/state:ia/place:jewell_junction,Jewell Junction city
ocd-division/country:us/state:ia/place:johnston,Johnston city
ocd-division/country:us/state:ia/place:joice,Joice city
ocd-division/country:us/state:ia/place:jolley,Jolley city
ocd-division/country:us/state:ia/place:kalona,Kalona city
ocd-division/country:us/state:ia/place:kamrar,Kamrar city
ocd-division/country:us/state:ia/place:kanawha,Kanawha city
ocd-division/country:us/state:ia/place:kellerton,Kellerton city
ocd-division/country:us/state:ia/place:kelley,Kelley city
ocd-division/country:us/state:ia/place:kellogg,Kellogg city
ocd-division/country:us/state:ia/place:kensett,Kensett city
ocd-division/country:us/state:ia/place:keokuk,Keokuk city
ocd-division/country:us/state:ia/place:keomah_village,Keomah Village city
ocd-division/country:us/state:ia/place:keosauqua,Keosauqua city
ocd-division/country:us/state:ia/place:keota,Keota city
ocd-division/country:us/state:ia/place:keswick,Keswick city
ocd-division/country:us/state:ia/place:keystone,Keystone city
ocd-division/country:us/state:ia/place:kimballton,Kimballton city
ocd-division/country:us/state:ia/place:kingsley,Kingsley city
ocd-division/country:us/state:ia/place:kinross,Kinross city
ocd-division/country:us/state:ia/place:kirkman,Kirkman city
ocd-division/country:us/state:ia/place:kirkville,Kirkville city
ocd-division/country:us/state:ia/place:kiron,Kiron city
ocd-division/country:us/state:ia/place:klemme,Klemme city
ocd-division/country:us/state:ia/place:knierim,Knierim city
ocd-division/country:us/state:ia/place:knoxville,Knoxville city
ocd-division/country:us/state:ia/place:la_motte,La Motte city
ocd-division/country:us/state:ia/place:la_porte_city,La Porte City city
ocd-division/country:us/state:ia/place:lacona,Lacona city
ocd-division/country:us/state:ia/place:ladora,Ladora city
ocd-division/country:us/state:ia/place:lake_city,Lake City city
ocd-division/country:us/state:ia/place:lake_mills,Lake Mills city
ocd-division/country:us/state:ia/place:lake_park,Lake Park city
ocd-division/country:us/state:ia/place:lake_view,Lake View city
ocd-division/country:us/state:ia/place:lakeside,Lakeside city
ocd-division/country:us/state:ia/place:lakota,Lakota city
ocd-division/country:us/state:ia/place:lambs_grove,Lambs Grove city
ocd-division/country:us/state:ia/place:lamoni,Lamoni city
ocd-division/country:us/state:ia/place:lamont,Lamont city
ocd-division/country:us/state:ia/place:lanesboro,Lanesboro city
ocd-division/country:us/state:ia/place:lansing,Lansing city
ocd-division/country:us/state:ia/place:larchwood,Larchwood city
ocd-division/country:us/state:ia/place:larrabee,Larrabee city
ocd-division/country:us/state:ia/place:latimer,Latimer city
ocd-division/country:us/state:ia/place:laurel,Laurel city
ocd-division/country:us/state:ia/place:laurens,Laurens city
ocd-division/country:us/state:ia/place:lawler,Lawler city
ocd-division/country:us/state:ia/place:lawton,Lawton city
ocd-division/country:us/state:ia/place:le_claire,Le Claire city
ocd-division/country:us/state:ia/place:le_grand,Le Grand city
ocd-division/country:us/state:ia/place:le_mars,Le Mars city
ocd-division/country:us/state:ia/place:le_roy,Le Roy city
ocd-division/country:us/state:ia/place:ledyard,Ledyard city
ocd-division/country:us/state:ia/place:lehigh,Lehigh city
ocd-division/country:us/state:ia/place:leighton,Leighton city
ocd-division/country:us/state:ia/place:leland,Leland city
ocd-division/country:us/state:ia/place:lenox,Lenox city
ocd-division/country:us/state:ia/place:leon,Leon city
ocd-division/country:us/state:ia/place:lester,Lester city
ocd-division/country:us/state:ia/place:letts,Letts city
ocd-division/country:us/state:ia/place:lewis,Lewis city
ocd-division/country:us/state:ia/place:libertyville,Libertyville city
ocd-division/country:us/state:ia/place:lidderdale,Lidderdale city
ocd-division/country:us/state:ia/place:lime_springs,Lime Springs city
ocd-division/country:us/state:ia/place:lincoln,Lincoln city
ocd-division/country:us/state:ia/place:linden,Linden city
ocd-division/country:us/state:ia/place:lineville,Lineville city
ocd-division/country:us/state:ia/place:linn_grove,Linn Grove city
ocd-division/country:us/state:ia/place:lisbon,Lisbon city
ocd-division/country:us/state:ia/place:liscomb,Liscomb city
ocd-division/country:us/state:ia/place:little_rock,Little Rock city
ocd-division/country:us/state:ia/place:little_sioux,Little Sioux city
ocd-division/country:us/state:ia/place:livermore,Livermore city
ocd-division/country:us/state:ia/place:lockridge,Lockridge city
ocd-division/country:us/state:ia/place:logan,Logan city
ocd-division/country:us/state:ia/place:lohrville,Lohrville city
ocd-division/country:us/state:ia/place:lone_rock,Lone Rock city
ocd-division/country:us/state:ia/place:lone_tree,Lone Tree city
ocd-division/country:us/state:ia/place:long_grove,Long Grove city
ocd-division/country:us/state:ia/place:lorimor,Lorimor city
ocd-division/country:us/state:ia/place:lost_nation,Lost Nation city
ocd-division/country:us/state:ia/place:lovilia,Lovilia city
ocd-division/country:us/state:ia/place:low_moor,Low Moor city
ocd-division/country:us/state:ia/place:lowden,Lowden city
ocd-division/country:us/state:ia/place:lu_verne,Lu Verne city
ocd-division/country:us/state:ia/place:luana,Luana city
ocd-division/country:us/state:ia/place:lucas,Lucas city
ocd-division/country:us/state:ia/place:luther,Luther city
ocd-division/country:us/state:ia/place:luxemburg,Luxemburg city
ocd-division/country:us/state:ia/place:luzerne,Luzerne city
ocd-division/country:us/state:ia/place:lynnville,Lynnville city
ocd-division/country:us/state:ia/place:lytton,Lytton city
ocd-division/country:us/state:ia/place:macedonia,Macedonia city
ocd-division/country:us/state:ia/place:macksburg,Macksburg city
ocd-division/country:us/state:ia/place:madrid,Madrid city
ocd-division/country:us/state:ia/place:magnolia,Magnolia city
ocd-division/country:us/state:ia/place:maharishi_vedic_city,Maharishi Vedic City city
ocd-division/country:us/state:ia/place:malcom,Malcom city
ocd-division/country:us/state:ia/place:mallard,Mallard city
ocd-division/country:us/state:ia/place:maloy,Maloy city
ocd-division/country:us/state:ia/place:malvern,Malvern city
ocd-division/country:us/state:ia/place:manchester,Manchester city
ocd-division/country:us/state:ia/place:manilla,Manilla city
ocd-division/country:us/state:ia/place:manly,Manly city
ocd-division/country:us/state:ia/place:manning,Manning city
ocd-division/country:us/state:ia/place:manson,Manson city
ocd-division/country:us/state:ia/place:mapleton,Mapleton city
ocd-division/country:us/state:ia/place:maquoketa,Maquoketa city
ocd-division/country:us/state:ia/place:marathon,Marathon city
ocd-division/country:us/state:ia/place:marble_rock,Marble Rock city
ocd-division/country:us/state:ia/place:marcus,Marcus city
ocd-division/country:us/state:ia/place:marengo,Marengo city
ocd-division/country:us/state:ia/place:marion,Marion city
ocd-division/country:us/state:ia/place:marne,Marne city
ocd-division/country:us/state:ia/place:marquette,Marquette city
ocd-division/country:us/state:ia/place:marshalltown,Marshalltown city
ocd-division/country:us/state:ia/place:martelle,Martelle city
ocd-division/country:us/state:ia/place:martensdale,Martensdale city
ocd-division/country:us/state:ia/place:martinsburg,Martinsburg city
ocd-division/country:us/state:ia/place:marysville,Marysville city
ocd-division/country:us/state:ia/place:mason_city,Mason City city
ocd-division/country:us/state:ia/place:masonville,Masonville city
ocd-division/country:us/state:ia/place:massena,Massena city
ocd-division/country:us/state:ia/place:matlock,Matlock city
ocd-division/country:us/state:ia/place:maurice,Maurice city
ocd-division/country:us/state:ia/place:maxwell,Maxwell city
ocd-division/country:us/state:ia/place:maynard,Maynard city
ocd-division/country:us/state:ia/place:maysville,Maysville city
ocd-division/country:us/state:ia/place:mccallsburg,McCallsburg city
ocd-division/country:us/state:ia/place:mccausland,McCausland city
ocd-division/country:us/state:ia/place:mcclelland,McClelland city
ocd-division/country:us/state:ia/place:mcgregor,McGregor city
ocd-division/country:us/state:ia/place:mcintire,McIntire city
ocd-division/country:us/state:ia/place:mechanicsville,Mechanicsville city
ocd-division/country:us/state:ia/place:mediapolis,Mediapolis city
ocd-division/country:us/state:ia/place:melbourne,Melbourne city
ocd-division/country:us/state:ia/place:melcher-dallas,Melcher-Dallas city
ocd-division/country:us/state:ia/place:melrose,Melrose city
ocd-division/country:us/state:ia/place:melvin,Melvin city
ocd-division/country:us/state:ia/place:menlo,Menlo city
ocd-division/country:us/state:ia/place:meriden,Meriden city
ocd-division/country:us/state:ia/place:merrill,Merrill city
ocd-division/country:us/state:ia/place:meservey,Meservey city
ocd-division/country:us/state:ia/place:middletown,Middletown city
ocd-division/country:us/state:ia/place:miles,Miles city
ocd-division/country:us/state:ia/place:milford,Milford city
ocd-division/country:us/state:ia/place:millersburg,Millersburg city
ocd-division/country:us/state:ia/place:millerton,Millerton city
ocd-division/country:us/state:ia/place:millville,Millville city
ocd-division/country:us/state:ia/place:milo,Milo city
ocd-division/country:us/state:ia/place:milton,Milton city
ocd-division/country:us/state:ia/place:minburn,Minburn city
ocd-division/country:us/state:ia/place:minden,Minden city
ocd-division/country:us/state:ia/place:mingo,Mingo city
ocd-division/country:us/state:ia/place:missouri_valley,Missouri Valley city
ocd-division/country:us/state:ia/place:mitchell,Mitchell city
ocd-division/country:us/state:ia/place:mitchellville,Mitchellville city
ocd-division/country:us/state:ia/place:modale,Modale city
ocd-division/country:us/state:ia/place:mondamin,Mondamin city
ocd-division/country:us/state:ia/place:monmouth,Monmouth city
ocd-division/country:us/state:ia/place:monona,Monona city
ocd-division/country:us/state:ia/place:monroe,Monroe city
ocd-division/country:us/state:ia/place:montezuma,Montezuma city
ocd-division/country:us/state:ia/place:monticello,Monticello city
ocd-division/country:us/state:ia/place:montour,Montour city
ocd-division/country:us/state:ia/place:montrose,Montrose city
ocd-division/country:us/state:ia/place:moorhead,Moorhead city
ocd-division/country:us/state:ia/place:moorland,Moorland city
ocd-division/country:us/state:ia/place:moravia,Moravia city
ocd-division/country:us/state:ia/place:morley,Morley city
ocd-division/country:us/state:ia/place:morning_sun,Morning Sun city
ocd-division/country:us/state:ia/place:morrison,Morrison city
ocd-division/country:us/state:ia/place:moulton,Moulton city
ocd-division/country:us/state:ia/place:mount_auburn,Mount Auburn city
ocd-division/country:us/state:ia/place:mount_ayr,Mount Ayr city
ocd-division/country:us/state:ia/place:mount_pleasant,Mount Pleasant city
ocd-division/country:us/state:ia/place:mount_sterling,Mount Sterling city
ocd-division/country:us/state:ia/place:mount_union,Mount Union city
ocd-division/country:us/state:ia/place:mount_vernon,Mount Vernon city
ocd-division/country:us/state:ia/place:moville,Moville city
ocd-division/country:us/state:ia/place:murray,Murray city
ocd-division/country:us/state:ia/place:muscatine,Muscatine city
ocd-division/country:us/state:ia/place:mystic,Mystic city
ocd-division/country:us/state:ia/place:nashua,Nashua city
ocd-division/country:us/state:ia/place:nemaha,Nemaha city
ocd-division/country:us/state:ia/place:neola,Neola city
ocd-division/country:us/state:ia/place:nevada,Nevada city
ocd-division/country:us/state:ia/place:new_albin,New Albin city
ocd-division/country:us/state:ia/place:new_hampton,New Hampton city
ocd-division/country:us/state:ia/place:new_hartford,New Hartford city
ocd-division/country:us/state:ia/place:new_liberty,New Liberty city
ocd-division/country:us/state:ia/place:new_london,New London city
ocd-division/country:us/state:ia/place:new_market,New Market city
ocd-division/country:us/state:ia/place:new_providence,New Providence city
ocd-division/country:us/state:ia/place:new_sharon,New Sharon city
ocd-division/country:us/state:ia/place:new_vienna,New Vienna city
ocd-division/country:us/state:ia/place:new_virginia,New Virginia city
ocd-division/country:us/state:ia/place:newell,Newell city
ocd-division/country:us/state:ia/place:newhall,Newhall city
ocd-division/country:us/state:ia/place:newton,Newton city
ocd-division/country:us/state:ia/place:nichols,Nichols city
ocd-division/country:us/state:ia/place:nodaway,Nodaway city
ocd-division/country:us/state:ia/place:nora_springs,Nora Springs city
ocd-division/country:us/state:ia/place:north_buena_vista,North Buena Vista city
ocd-division/country:us/state:ia/place:north_english,North English city
ocd-division/country:us/state:ia/place:north_liberty,North Liberty city
ocd-division/country:us/state:ia/place:north_washington,North Washington city
ocd-division/country:us/state:ia/place:northboro,Northboro city
ocd-division/country:us/state:ia/place:northwood,Northwood city
ocd-division/country:us/state:ia/place:norwalk,Norwalk city
ocd-division/country:us/state:ia/place:norway,Norway city
ocd-division/country:us/state:ia/place:numa,Numa city
ocd-division/country:us/state:ia/place:oakland,Oakland city
ocd-division/country:us/state:ia/place:oakland_acres,Oakland Acres city
ocd-division/country:us/state:ia/place:oakville,Oakville city
ocd-division/country:us/state:ia/place:ocheyedan,Ocheyedan city
ocd-division/country:us/state:ia/place:odebolt,Odebolt city
ocd-division/country:us/state:ia/place:oelwein,Oelwein city
ocd-division/country:us/state:ia/place:ogden,Ogden city
ocd-division/country:us/state:ia/place:okoboji,Okoboji city
ocd-division/country:us/state:ia/place:olds,Olds city
ocd-division/country:us/state:ia/place:olin,Olin city
ocd-division/country:us/state:ia/place:ollie,Ollie city
ocd-division/country:us/state:ia/place:onawa,Onawa city
ocd-division/country:us/state:ia/place:onslow,Onslow city
ocd-division/country:us/state:ia/place:orange_city,Orange City city
ocd-division/country:us/state:ia/place:orchard,Orchard city
ocd-division/country:us/state:ia/place:orient,Orient city
ocd-division/country:us/state:ia/place:orleans,Orleans city
ocd-division/country:us/state:ia/place:osage,Osage city
ocd-division/country:us/state:ia/place:osceola,Osceola city
ocd-division/country:us/state:ia/place:oskaloosa,Oskaloosa city
ocd-division/country:us/state:ia/place:ossian,Ossian city
ocd-division/country:us/state:ia/place:osterdock,Osterdock city
ocd-division/country:us/state:ia/place:otho,Otho city
ocd-division/country:us/state:ia/place:oto,Oto city
ocd-division/country:us/state:ia/place:ottosen,Ottosen city
ocd-division/country:us/state:ia/place:ottumwa,Ottumwa city
ocd-division/country:us/state:ia/place:owasa,Owasa city
ocd-division/country:us/state:ia/place:oxford,Oxford city
ocd-division/country:us/state:ia/place:oxford_junction,Oxford Junction city
ocd-division/country:us/state:ia/place:oyens,Oyens city
ocd-division/country:us/state:ia/place:pacific_junction,Pacific Junction city
ocd-division/country:us/state:ia/place:packwood,Packwood city
ocd-division/country:us/state:ia/place:palmer,Palmer city
ocd-division/country:us/state:ia/place:palo,Palo city
ocd-division/country:us/state:ia/place:panama,Panama city
ocd-division/country:us/state:ia/place:panora,Panora city
ocd-division/country:us/state:ia/place:panorama_park,Panorama Park city
ocd-division/country:us/state:ia/place:parkersburg,Parkersburg city
ocd-division/country:us/state:ia/place:parnell,Parnell city
ocd-division/country:us/state:ia/place:paton,Paton city
ocd-division/country:us/state:ia/place:patterson,Patterson city
ocd-division/country:us/state:ia/place:paullina,Paullina city
ocd-division/country:us/state:ia/place:pella,Pella city
ocd-division/country:us/state:ia/place:peosta,Peosta city
ocd-division/country:us/state:ia/place:perry,Perry city
ocd-division/country:us/state:ia/place:persia,Persia city
ocd-division/country:us/state:ia/place:peterson,Peterson city
ocd-division/country:us/state:ia/place:pierson,Pierson city
ocd-division/country:us/state:ia/place:pilot_mound,Pilot Mound city
ocd-division/country:us/state:ia/place:pioneer,Pioneer city
ocd-division/country:us/state:ia/place:pisgah,Pisgah city
ocd-division/country:us/state:ia/place:plainfield,Plainfield city
ocd-division/country:us/state:ia/place:plano,Plano city
ocd-division/country:us/state:ia/place:pleasant_hill,Pleasant Hill city
ocd-division/country:us/state:ia/place:pleasant_plain,Pleasant Plain city
ocd-division/country:us/state:ia/place:pleasanton,Pleasanton city
ocd-division/country:us/state:ia/place:pleasantville,Pleasantville city
ocd-division/country:us/state:ia/place:plover,Plover city
ocd-division/country:us/state:ia/place:plymouth,Plymouth city
ocd-division/country:us/state:ia/place:pocahontas,Pocahontas city
ocd-division/country:us/state:ia/place:polk_city,Polk City city
ocd-division/country:us/state:ia/place:pomeroy,Pomeroy city
ocd-division/country:us/state:ia/place:popejoy,Popejoy city
ocd-division/country:us/state:ia/place:portsmouth,Portsmouth city
ocd-division/country:us/state:ia/place:postville,Postville city
ocd-division/country:us/state:ia/place:prairie_city,Prairie City city
ocd-division/country:us/state:ia/place:prairieburg,Prairieburg city
ocd-division/country:us/state:ia/place:prescott,Prescott city
ocd-division/country:us/state:ia/place:preston,Preston city
ocd-division/country:us/state:ia/place:primghar,Primghar city
ocd-division/country:us/state:ia/place:princeton,Princeton city
ocd-division/country:us/state:ia/place:promise_city,Promise City city
ocd-division/country:us/state:ia/place:protivin,Protivin city
ocd-division/country:us/state:ia/place:pulaski,Pulaski city
ocd-division/country:us/state:ia/place:quasqueton,Quasqueton city
ocd-division/country:us/state:ia/place:quimby,Quimby city
ocd-division/country:us/state:ia/place:radcliffe,Radcliffe city
ocd-division/country:us/state:ia/place:rake,Rake city
ocd-division/country:us/state:ia/place:ralston,Ralston city
ocd-division/country:us/state:ia/place:randalia,Randalia city
ocd-division/country:us/state:ia/place:randall,Randall city
ocd-division/country:us/state:ia/place:randolph,Randolph city
ocd-division/country:us/state:ia/place:rathbun,Rathbun city
ocd-division/country:us/state:ia/place:raymond,Raymond city
ocd-division/country:us/state:ia/place:readlyn,Readlyn city
ocd-division/country:us/state:ia/place:reasnor,Reasnor city
ocd-division/country:us/state:ia/place:red_oak,Red Oak city
ocd-division/country:us/state:ia/place:redding,Redding city
ocd-division/country:us/state:ia/place:redfield,Redfield city
ocd-division/country:us/state:ia/place:reinbeck,Reinbeck city
ocd-division/country:us/state:ia/place:rembrandt,Rembrandt city
ocd-division/country:us/state:ia/place:remsen,Remsen city
ocd-division/country:us/state:ia/place:renwick,Renwick city
ocd-division/country:us/state:ia/place:rhodes,Rhodes city
ocd-division/country:us/state:ia/place:riceville,Riceville city
ocd-division/country:us/state:ia/place:richland,Richland city
ocd-division/country:us/state:ia/place:rickardsville,Rickardsville city
ocd-division/country:us/state:ia/place:ricketts,Ricketts city
ocd-division/country:us/state:ia/place:ridgeway,Ridgeway city
ocd-division/country:us/state:ia/place:rinard,Rinard city
ocd-division/country:us/state:ia/place:ringsted,Ringsted city
ocd-division/country:us/state:ia/place:rippey,Rippey city
ocd-division/country:us/state:ia/place:riverdale,Riverdale city
ocd-division/country:us/state:ia/place:riverside,Riverside city
ocd-division/country:us/state:ia/place:riverton,Riverton city
ocd-division/country:us/state:ia/place:robins,Robins city
ocd-division/country:us/state:ia/place:rock_falls,Rock Falls city
ocd-division/country:us/state:ia/place:rock_rapids,Rock Rapids city
ocd-division/country:us/state:ia/place:rock_valley,Rock Valley city
ocd-division/country:us/state:ia/place:rockford,Rockford city
ocd-division/country:us/state:ia/place:rockwell,Rockwell city
ocd-division/country:us/state:ia/place:rockwell_city,Rockwell City city
ocd-division/country:us/state:ia/place:rodman,Rodman city
ocd-division/country:us/state:ia/place:rodney,Rodney city
ocd-division/country:us/state:ia/place:roland,Roland city
ocd-division/country:us/state:ia/place:rolfe,Rolfe city
ocd-division/country:us/state:ia/place:rome,Rome city
ocd-division/country:us/state:ia/place:rose_hill,Rose Hill city
ocd-division/country:us/state:ia/place:rossie,Rossie city
ocd-division/country:us/state:ia/place:rowan,Rowan city
ocd-division/country:us/state:ia/place:rowley,Rowley city
ocd-division/country:us/state:ia/place:royal,Royal city
ocd-division/country:us/state:ia/place:rudd,Rudd city
ocd-division/country:us/state:ia/place:runnells,Runnells city
ocd-division/country:us/state:ia/place:russell,Russell city
ocd-division/country:us/state:ia/place:ruthven,Ruthven city
ocd-division/country:us/state:ia/place:rutland,Rutland city
ocd-division/country:us/state:ia/place:ryan,Ryan city
ocd-division/country:us/state:ia/place:sabula,Sabula city
ocd-division/country:us/state:ia/place:sac_city,Sac City city
ocd-division/country:us/state:ia/place:sageville,Sageville city
ocd-division/country:us/state:ia/place:salem,Salem city
ocd-division/country:us/state:ia/place:salix,Salix city
ocd-division/country:us/state:ia/place:sanborn,Sanborn city
ocd-division/country:us/state:ia/place:sandyville,Sandyville city
ocd-division/country:us/state:ia/place:scarville,Scarville city
ocd-division/country:us/state:ia/place:schaller,Schaller city
ocd-division/country:us/state:ia/place:schleswig,Schleswig city
ocd-division/country:us/state:ia/place:scranton,Scranton city
ocd-division/country:us/state:ia/place:searsboro,Searsboro city
ocd-division/country:us/state:ia/place:sergeant_bluff,Sergeant Bluff city
ocd-division/country:us/state:ia/place:seymour,Seymour city
ocd-division/country:us/state:ia/place:shambaugh,Shambaugh city
ocd-division/country:us/state:ia/place:shannon_city,Shannon City city
ocd-division/country:us/state:ia/place:sharpsburg,Sharpsburg city
ocd-division/country:us/state:ia/place:sheffield,Sheffield city
ocd-division/country:us/state:ia/place:shelby,Shelby city
ocd-division/country:us/state:ia/place:sheldahl,Sheldahl city
ocd-division/country:us/state:ia/place:sheldon,Sheldon city
ocd-division/country:us/state:ia/place:shell_rock,Shell Rock city
ocd-division/country:us/state:ia/place:shellsburg,Shellsburg city
ocd-division/country:us/state:ia/place:shenandoah,Shenandoah city
ocd-division/country:us/state:ia/place:sherrill,Sherrill city
ocd-division/country:us/state:ia/place:shueyville,Shueyville city
ocd-division/country:us/state:ia/place:sibley,Sibley city
ocd-division/country:us/state:ia/place:sidney,Sidney city
ocd-division/country:us/state:ia/place:sigourney,Sigourney city
ocd-division/country:us/state:ia/place:silver_city,Silver City city
ocd-division/country:us/state:ia/place:sioux_center,Sioux Center city
ocd-division/country:us/state:ia/place:sioux_city,Sioux City city
ocd-division/country:us/state:ia/place:sioux_rapids,Sioux Rapids city
ocd-division/country:us/state:ia/place:slater,Slater city
ocd-division/country:us/state:ia/place:sloan,Sloan city
ocd-division/country:us/state:ia/place:smithland,Smithland city
ocd-division/country:us/state:ia/place:soldier,Soldier city
ocd-division/country:us/state:ia/place:solon,Solon city
ocd-division/country:us/state:ia/place:somers,Somers city
ocd-division/country:us/state:ia/place:south_english,South English city
ocd-division/country:us/state:ia/place:spencer,Spencer city
ocd-division/country:us/state:ia/place:spillville,Spillville city
ocd-division/country:us/state:ia/place:spirit_lake,Spirit Lake city
ocd-division/country:us/state:ia/place:spragueville,Spragueville city
ocd-division/country:us/state:ia/place:spring_hill,Spring Hill city
ocd-division/country:us/state:ia/place:springbrook,Springbrook city
ocd-division/country:us/state:ia/place:springville,Springville city
ocd-division/country:us/state:ia/place:st_ansgar,St. Ansgar city
ocd-division/country:us/state:ia/place:st_anthony,St. Anthony city
ocd-division/country:us/state:ia/place:st_charles,St. Charles city
ocd-division/country:us/state:ia/place:st_donatus,St. Donatus city
ocd-division/country:us/state:ia/place:st_lucas,St. Lucas city
ocd-division/country:us/state:ia/place:st_marys,St. Marys city
ocd-division/country:us/state:ia/place:st_olaf,St. Olaf city
ocd-division/country:us/state:ia/place:st_paul,St. Paul city
ocd-division/country:us/state:ia/place:stacyville,Stacyville city
ocd-division/country:us/state:ia/place:stanhope,Stanhope city
ocd-division/country:us/state:ia/place:stanley,Stanley city
ocd-division/country:us/state:ia/place:stanton,Stanton city
ocd-division/country:us/state:ia/place:stanwood,Stanwood city
ocd-division/country:us/state:ia/place:state_center,State Center city
ocd-division/country:us/state:ia/place:steamboat_rock,Steamboat Rock city
ocd-division/country:us/state:ia/place:stockport,Stockport city
ocd-division/country:us/state:ia/place:stockton,Stockton city
ocd-division/country:us/state:ia/place:storm_lake,Storm Lake city
ocd-division/country:us/state:ia/place:story_city,Story City city
ocd-division/country:us/state:ia/place:stout,Stout city
ocd-division/country:us/state:ia/place:stratford,Stratford city
ocd-division/country:us/state:ia/place:strawberry_point,Strawberry Point city
ocd-division/country:us/state:ia/place:struble,Struble city
ocd-division/country:us/state:ia/place:stuart,Stuart city
ocd-division/country:us/state:ia/place:sully,Sully city
ocd-division/country:us/state:ia/place:sumner,Sumner city
ocd-division/country:us/state:ia/place:superior,Superior city
ocd-division/country:us/state:ia/place:sutherland,Sutherland city
ocd-division/country:us/state:ia/place:swaledale,Swaledale city
ocd-division/country:us/state:ia/place:swan,Swan city
ocd-division/country:us/state:ia/place:swea_city,Swea City city
ocd-division/country:us/state:ia/place:swisher,Swisher city
ocd-division/country:us/state:ia/place:tabor,Tabor city
ocd-division/country:us/state:ia/place:tama,Tama city
ocd-division/country:us/state:ia/place:templeton,Templeton city
ocd-division/country:us/state:ia/place:tennant,Tennant city
ocd-division/country:us/state:ia/place:terril,Terril city
ocd-division/country:us/state:ia/place:thayer,Thayer city
ocd-division/country:us/state:ia/place:thompson,Thompson city
ocd-division/country:us/state:ia/place:thor,Thor city
ocd-division/country:us/state:ia/place:thornburg,Thornburg city
ocd-division/country:us/state:ia/place:thornton,Thornton city
ocd-division/country:us/state:ia/place:thurman,Thurman city
ocd-division/country:us/state:ia/place:tiffin,Tiffin city
ocd-division/country:us/state:ia/place:tingley,Tingley city
ocd-division/country:us/state:ia/place:tipton,Tipton city
ocd-division/country:us/state:ia/place:titonka,Titonka city
ocd-division/country:us/state:ia/place:toledo,Toledo city
ocd-division/country:us/state:ia/place:toronto,Toronto city
ocd-division/country:us/state:ia/place:traer,Traer city
ocd-division/country:us/state:ia/place:treynor,Treynor city
ocd-division/country:us/state:ia/place:tripoli,Tripoli city
ocd-division/country:us/state:ia/place:truesdale,Truesdale city
ocd-division/country:us/state:ia/place:truro,Truro city
ocd-division/country:us/state:ia/place:turin,Turin city
ocd-division/country:us/state:ia/place:udell,Udell city
ocd-division/country:us/state:ia/place:underwood,Underwood city
ocd-division/country:us/state:ia/place:union,Union city
ocd-division/country:us/state:ia/place:unionville,Unionville city
ocd-division/country:us/state:ia/place:university_heights,University Heights city
ocd-division/country:us/state:ia/place:university_park,University Park city
ocd-division/country:us/state:ia/place:urbana,Urbana city
ocd-division/country:us/state:ia/place:urbandale,Urbandale city
ocd-division/country:us/state:ia/place:ute,Ute city
ocd-division/country:us/state:ia/place:vail,Vail city
ocd-division/country:us/state:ia/place:valeria,Valeria city
ocd-division/country:us/state:ia/place:van_horne,Van Horne city
ocd-division/country:us/state:ia/place:van_meter,Van Meter city
ocd-division/country:us/state:ia/place:van_wert,Van Wert city
ocd-division/country:us/state:ia/place:varina,Varina city
ocd-division/country:us/state:ia/place:ventura,Ventura city
ocd-division/country:us/state:ia/place:victor,Victor city
ocd-division/country:us/state:ia/place:villisca,Villisca city
ocd-division/country:us/state:ia/place:vincent,Vincent city
ocd-division/country:us/state:ia/place:vining,Vining city
ocd-division/country:us/state:ia/place:vinton,Vinton city
ocd-division/country:us/state:ia/place:volga,Volga city
ocd-division/country:us/state:ia/place:wadena,Wadena city
ocd-division/country:us/state:ia/place:wahpeton,Wahpeton city
ocd-division/country:us/state:ia/place:walcott,Walcott city
ocd-division/country:us/state:ia/place:walford,Walford city
ocd-division/country:us/state:ia/place:walker,Walker city
ocd-division/country:us/state:ia/place:wall_lake,Wall Lake city
ocd-division/country:us/state:ia/place:wallingford,Wallingford city
ocd-division/country:us/state:ia/place:walnut,Walnut city
ocd-division/country:us/state:ia/place:wapello,Wapello city
ocd-division/country:us/state:ia/place:washington,Washington city
ocd-division/country:us/state:ia/place:washta,Washta city
ocd-division/country:us/state:ia/place:waterloo,Waterloo city
ocd-division/country:us/state:ia/place:waterville,Waterville city
ocd-division/country:us/state:ia/place:waucoma,Waucoma city
ocd-division/country:us/state:ia/place:waukee,Waukee city
ocd-division/country:us/state:ia/place:waukon,Waukon city
ocd-division/country:us/state:ia/place:waverly,Waverly city
ocd-division/country:us/state:ia/place:wayland,Wayland city
ocd-division/country:us/state:ia/place:webb,Webb city
ocd-division/country:us/state:ia/place:webster,Webster city
ocd-division/country:us/state:ia/place:webster_city,Webster City city
ocd-division/country:us/state:ia/place:weldon,Weldon city
ocd-division/country:us/state:ia/place:wellman,Wellman city
ocd-division/country:us/state:ia/place:wellsburg,Wellsburg city
ocd-division/country:us/state:ia/place:welton,Welton city
ocd-division/country:us/state:ia/place:wesley,Wesley city
ocd-division/country:us/state:ia/place:west_bend,West Bend city
ocd-division/country:us/state:ia/place:west_branch,West Branch city
ocd-division/country:us/state:ia/place:west_burlington,West Burlington city
ocd-division/country:us/state:ia/place:west_chester,West Chester city
ocd-division/country:us/state:ia/place:west_des_moines,West Des Moines city
ocd-division/country:us/state:ia/place:west_liberty,West Liberty city
ocd-division/country:us/state:ia/place:west_okoboji,West Okoboji city
ocd-division/country:us/state:ia/place:west_point,West Point city
ocd-division/country:us/state:ia/place:west_union,West Union city
ocd-division/country:us/state:ia/place:westfield,Westfield city
ocd-division/country:us/state:ia/place:westgate,Westgate city
ocd-division/country:us/state:ia/place:westphalia,Westphalia city
ocd-division/country:us/state:ia/place:westside,Westside city
ocd-division/country:us/state:ia/place:westwood,Westwood city
ocd-division/country:us/state:ia/place:what_cheer,What Cheer city
ocd-division/country:us/state:ia/place:wheatland,Wheatland city
ocd-division/country:us/state:ia/place:whiting,Whiting city
ocd-division/country:us/state:ia/place:whittemore,Whittemore city
ocd-division/country:us/state:ia/place:whitten,Whitten city
ocd-division/country:us/state:ia/place:willey,Willey city
ocd-division/country:us/state:ia/place:williams,Williams city
ocd-division/country:us/state:ia/place:williamsburg,Williamsburg city
ocd-division/country:us/state:ia/place:williamson,Williamson city
ocd-division/country:us/state:ia/place:wilton,Wilton city
ocd-division/country:us/state:ia/place:windsor_heights,Windsor Heights city
ocd-division/country:us/state:ia/place:winfield,Winfield city
ocd-division/country:us/state:ia/place:winterset,Winterset city
ocd-division/country:us/state:ia/place:winthrop,Winthrop city
ocd-division/country:us/state:ia/place:wiota,Wiota city
ocd-division/country:us/state:ia/place:woden,Woden city
ocd-division/country:us/state:ia/place:woodbine,Woodbine city
ocd-division/country:us/state:ia/place:woodburn,Woodburn city
ocd-division/country:us/state:ia/place:woodward,Woodward city
ocd-division/country:us/state:ia/place:woolstock,Woolstock city
ocd-division/country:us/state:ia/place:worthington,Worthington city
ocd-division/country:us/state:ia/place:wyoming,Wyoming city
ocd-division/country:us/state:ia/place:yale,Yale city
ocd-division/country:us/state:ia/place:yetter,Yetter city
ocd-division/country:us/state:ia/place:yorktown,Yorktown city
ocd-division/country:us/state:ia/place:zearing,Zearing city
ocd-division/country:us/state:ia/place:zwingle,Zwingle city
