ocd-division/country:us/state:or/county:baker,Baker County
ocd-division/country:us/state:or/county:benton,Benton County
ocd-division/country:us/state:or/county:clackamas,Clackamas County
ocd-division/country:us/state:or/county:clatsop,Clatsop County
ocd-division/country:us/state:or/county:columbia,Columbia County
ocd-division/country:us/state:or/county:coos,Coos County
ocd-division/country:us/state:or/county:crook,Crook County
ocd-division/country:us/state:or/county:curry,Curry County
ocd-division/country:us/state:or/county:deschutes,Deschutes County
ocd-division/country:us/state:or/county:douglas,Douglas County
ocd-division/country:us/state:or/county:gilliam,Gilliam County
ocd-division/country:us/state:or/county:grant,Grant County
ocd-division/country:us/state:or/county:harney,Harney County
ocd-division/country:us/state:or/county:hood_river,Hood River County
ocd-division/country:us/state:or/county:jackson,Jackson County
ocd-division/country:us/state:or/county:jefferson,Jefferson County
ocd-division/country:us/state:or/county:josephine,Josephine County
ocd-division/country:us/state:or/county:klamath,Klamath County
ocd-division/country:us/state:or/county:lake,Lake County
ocd-division/country:us/state:or/county:lane,Lane County
ocd-division/country:us/state:or/county:lincoln,Lincoln County
ocd-division/country:us/state:or/county:linn,Linn County
ocd-division/country:us/state:or/county:malheur,Malheur County
ocd-division/country:us/state:or/county:marion,Marion County
ocd-division/country:us/state:or/county:morrow,Morrow County
ocd-division/country:us/state:or/county:multnomah,Multnomah County
ocd-division/country:us/state:or/county:polk,Polk County
ocd-division/country:us/state:or/county:sherman,Sherman County
ocd-division/country:us/state:or/county:tillamook,Tillamook County
ocd-division/country:us/state:or/county:umatilla,Umatilla County
ocd-division/country:us/state:or/county:union,Union County
ocd-division/country:us/state:or/county:wallowa,Wallowa County
ocd-division/country:us/state:or/county:wasco,Wasco County
ocd-division/country:us/state:or/county:washington,Washington County
ocd-division/country:us/state:or/county:wheeler,Wheeler County
ocd-division/country:us/state:or/county:yamhill,Yamhill County
ocd-division/country:us/state:or/place:adair_village,Adair Village city
ocd-division/country:us/state:or/place:adams,Adams city
ocd-division/country:us/state:or/place:adrian,Adrian city
ocd-division/country:us/state:or/place:albany,Albany city
ocd-division/country:us/state:or/place:amity,Amity city
ocd-division/country:us/state:or/place:antelope,Antelope city
ocd-division/country:us/state:or/place:arlington,Arlington city
ocd-division/country:us/state:or/place:ashland,Ashland city
ocd-division/country:us/state:or/place:astoria,Astoria city
ocd-division/country:us/state:or/place:athena,Athena city
ocd-division/country:us/state:or/place:aumsville,Aumsville city
ocd-division/country:us/state:or/place:aurora,Aurora city
ocd-division/country:us/state:or/place:baker_city,Baker City city
ocd-division/country:us/state:or/place:bandon,Bandon city
ocd-division/country:us/state:or/place:banks,Banks city
ocd-division/country:us/state:or/place:barlow,Barlow city
ocd-division/country:us/state:or/place:bay_city,Bay City city
ocd-division/country:us/state:or/place:beaverton,Beaverton city
ocd-division/country:us/state:or/place:bend,Bend city
ocd-division/country:us/state:or/place:boardman,Boardman city
ocd-division/country:us/state:or/place:bonanza,Bonanza town
ocd-division/country:us/state:or/place:brookings,Brookings city
ocd-division/country:us/state:or/place:brownsville,Brownsville city
ocd-division/country:us/state:or/place:burns,Burns city
ocd-division/country:us/state:or/place:butte_falls,Butte Falls town
ocd-division/country:us/state:or/place:canby,Canby city
ocd-division/country:us/state:or/place:cannon_beach,Cannon Beach city
ocd-division/country:us/state:or/place:canyon_city,Canyon City town
ocd-division/country:us/state:or/place:canyonville,Canyonville city
ocd-division/country:us/state:or/place:carlton,Carlton city
ocd-division/country:us/state:or/place:cascade_locks,Cascade Locks city
ocd-division/country:us/state:or/place:cave_junction,Cave Junction city
ocd-division/country:us/state:or/place:central_point,Central Point city
ocd-division/country:us/state:or/place:chiloquin,Chiloquin city
ocd-division/country:us/state:or/place:clatskanie,Clatskanie city
ocd-division/country:us/state:or/place:coburg,Coburg city
ocd-division/country:us/state:or/place:columbia_city,Columbia City city
ocd-division/country:us/state:or/place:condon,Condon city
ocd-division/country:us/state:or/place:coos_bay,Coos Bay city
ocd-division/country:us/state:or/place:coquille,Coquille city
ocd-division/country:us/state:or/place:cornelius,Cornelius city
ocd-division/country:us/state:or/place:corvallis,Corvallis city
ocd-division/country:us/state:or/place:cottage_grove,Cottage Grove city
ocd-division/country:us/state:or/place:cove,Cove city
ocd-division/country:us/state:or/place:creswell,Creswell city
ocd-division/country:us/state:or/place:culver,Culver city
ocd-division/country:us/state:or/place:dallas,Dallas city
ocd-division/country:us/state:or/place:damascus,Damascus city
ocd-division/country:us/state:or/place:dayton,Dayton city
ocd-division/country:us/state:or/place:dayville,Dayville town
ocd-division/country:us/state:or/place:depoe_bay,Depoe Bay city
ocd-division/country:us/state:or/place:detroit,Detroit city
ocd-division/country:us/state:or/place:donald,Donald city
ocd-division/country:us/state:or/place:drain,Drain city
ocd-division/country:us/state:or/place:dufur,Dufur city
ocd-division/country:us/state:or/place:dundee,Dundee city
ocd-division/country:us/state:or/place:dunes_city,Dunes City city
ocd-division/country:us/state:or/place:durham,Durham city
ocd-division/country:us/state:or/place:eagle_point,Eagle Point city
ocd-division/country:us/state:or/place:echo,Echo city
ocd-division/country:us/state:or/place:elgin,Elgin city
ocd-division/country:us/state:or/place:elkton,Elkton city
ocd-division/country:us/state:or/place:enterprise,Enterprise city
ocd-division/country:us/state:or/place:estacada,Estacada city
ocd-division/country:us/state:or/place:eugene,Eugene city
ocd-division/country:us/state:or/place:fairview,Fairview city
ocd-division/country:us/state:or/place:falls_city,Falls City city
ocd-division/country:us/state:or/place:florence,Florence city
ocd-division/country:us/state:or/place:forest_grove,Forest Grove city
ocd-division/country:us/state:or/place:fossil,Fossil city
ocd-division/country:us/state:or/place:garibaldi,Garibaldi city
ocd-division/country:us/state:or/place:gaston,Gaston city
ocd-division/country:us/state:or/place:gates,Gates city
ocd-division/country:us/state:or/place:gearhart,Gearhart city
ocd-division/country:us/state:or/place:gervais,Gervais city
ocd-division/country:us/state:or/place:gladstone,Gladstone city
ocd-division/country:us/state:or/place:glendale,Glendale city
ocd-division/country:us/state:or/place:gold_beach,Gold Beach city
ocd-division/country:us/state:or/place:gold_hill,Gold Hill city
ocd-division/country:us/state:or/place:granite,Granite city
ocd-division/country:us/state:or/place:grants_pass,Grants Pass city
ocd-division/country:us/state:or/place:grass_valley,Grass Valley city
ocd-division/country:us/state:or/place:gresham,Gresham city
ocd-division/country:us/state:or/place:haines,Haines city
ocd-division/country:us/state:or/place:halfway,Halfway city
ocd-division/country:us/state:or/place:halsey,Halsey city
ocd-division/country:us/state:or/place:happy_valley,Happy Valley city
ocd-division/country:us/state:or/place:harrisburg,Harrisburg city
ocd-division/country:us/state:or/place:helix,Helix city
ocd-division/country:us/state:or/place:heppner,Heppner city
ocd-division/country:us/state:or/place:hermiston,Hermiston city
ocd-division/country:us/state:or/place:hillsboro,Hillsboro city
ocd-division/country:us/state:or/place:hines,Hines city
ocd-division/country:us/state:or/place:hood_river,Hood River city
ocd-division/country:us/state:or/place:hubbard,Hubbard city
ocd-division/country:us/state:or/place:huntington,Huntington city
ocd-division/country:us/state:or/place:idanha,Idanha city
ocd-division/country:us/state:or/place:imbler,Imbler city
ocd-division/country:us/state:or/place:independence,Independence city
ocd-division/country:us/state:or/place:ione,Ione city
ocd-division/country:us/state:or/place:irrigon,Irrigon city
ocd-division/country:us/state:or/place:island_city,Island City city
ocd-division/country:us/state:or/place:jacksonville,Jacksonville city
ocd-division/country:us/state:or/place:jefferson,Jefferson city
ocd-division/country:us/state:or/place:john_day,John Day city
ocd-division/country:us/state:or/place:johnson_city,Johnson City city
ocd-division/country:us/state:or/place:jordan_valley,Jordan Valley city
ocd-division/country:us/state:or/place:joseph,Joseph city
ocd-division/country:us/state:or/place:junction_city,Junction City city
ocd-division/country:us/state:or/place:keizer,Keizer city
ocd-division/country:us/state:or/place:king_city,King City city
ocd-division/country:us/state:or/place:klamath_falls,Klamath Falls city
ocd-division/country:us/state:or/place:la_grande,La Grande city
ocd-division/country:us/state:or/place:la_pine,La Pine city
ocd-division/country:us/state:or/place:lafayette,Lafayette city
ocd-division/country:us/state:or/place:lake_oswego,Lake Oswego city
ocd-division/country:us/state:or/place:lakeside,Lakeside city
ocd-division/country:us/state:or/place:lakeview,Lakeview town
ocd-division/country:us/state:or/place:lebanon,Lebanon city
ocd-division/country:us/state:or/place:lexington,Lexington town
ocd-division/country:us/state:or/place:lincoln_city,Lincoln City city
ocd-division/country:us/state:or/place:lonerock,Lonerock city
ocd-division/country:us/state:or/place:long_creek,Long Creek city
ocd-division/country:us/state:or/place:lostine,Lostine city
ocd-division/country:us/state:or/place:lowell,Lowell city
ocd-division/country:us/state:or/place:lyons,Lyons city
ocd-division/country:us/state:or/place:madras,Madras city
ocd-division/country:us/state:or/place:malin,Malin city
ocd-division/country:us/state:or/place:manzanita,Manzanita city
ocd-division/country:us/state:or/place:maupin,Maupin city
ocd-division/country:us/state:or/place:maywood_park,Maywood Park city
ocd-division/country:us/state:or/place:mcminnville,McMinnville city
ocd-division/country:us/state:or/place:medford,Medford city
ocd-division/country:us/state:or/place:merrill,Merrill city
ocd-division/country:us/state:or/place:metolius,Metolius city
ocd-division/country:us/state:or/place:mill_city,Mill City city
ocd-division/country:us/state:or/place:millersburg,Millersburg city
ocd-division/country:us/state:or/place:milton-freewater,Milton-Freewater city
ocd-division/country:us/state:or/place:milwaukie,Milwaukie city
ocd-division/country:us/state:or/place:mitchell,Mitchell city
ocd-division/country:us/state:or/place:molalla,Molalla city
ocd-division/country:us/state:or/place:monmouth,Monmouth city
ocd-division/country:us/state:or/place:monroe,Monroe city
ocd-division/country:us/state:or/place:monument,Monument city
ocd-division/country:us/state:or/place:moro,Moro city
ocd-division/country:us/state:or/place:mosier,Mosier city
ocd-division/country:us/state:or/place:mount_angel,Mount Angel city
ocd-division/country:us/state:or/place:mount_vernon,Mount Vernon city
ocd-division/country:us/state:or/place:myrtle_creek,Myrtle Creek city
ocd-division/country:us/state:or/place:myrtle_point,Myrtle Point city
ocd-division/country:us/state:or/place:nehalem,Nehalem city
ocd-division/country:us/state:or/place:newberg,Newberg city
ocd-division/country:us/state:or/place:newport,Newport city
ocd-division/country:us/state:or/place:north_bend,North Bend city
ocd-division/country:us/state:or/place:north_plains,North Plains city
ocd-division/country:us/state:or/place:north_powder,North Powder city
ocd-division/country:us/state:or/place:nyssa,Nyssa city
ocd-division/country:us/state:or/place:oakland,Oakland city
ocd-division/country:us/state:or/place:oakridge,Oakridge city
ocd-division/country:us/state:or/place:ontario,Ontario city
ocd-division/country:us/state:or/place:oregon_city,Oregon City city
ocd-division/country:us/state:or/place:paisley,Paisley city
ocd-division/country:us/state:or/place:pendleton,Pendleton city
ocd-division/country:us/state:or/place:philomath,Philomath city
ocd-division/country:us/state:or/place:phoenix,Phoenix city
ocd-division/country:us/state:or/place:pilot_rock,Pilot Rock city
ocd-division/country:us/state:or/place:port_orford,Port Orford city
ocd-division/country:us/state:or/place:portland,Portland city
ocd-division/country:us/state:or/place:powers,Powers city
ocd-division/country:us/state:or/place:prairie_city,Prairie City city
ocd-division/country:us/state:or/place:prescott,Prescott city
ocd-division/country:us/state:or/place:prineville,Prineville city
ocd-division/country:us/state:or/place:rainier,Rainier city
ocd-division/country:us/state:or/place:redmond,Redmond city
ocd-division/country:us/state:or/place:reedsport,Reedsport city
ocd-division/country:us/state:or/place:richland,Richland city
ocd-division/country:us/state:or/place:riddle,Riddle city
ocd-division/country:us/state:or/place:rivergrove,Rivergrove city
ocd-division/country:us/state:or/place:rockaway_beach,Rockaway Beach city
ocd-division/country:us/state:or/place:rogue_river,Rogue River city
ocd-division/country:us/state:or/place:roseburg,Roseburg city
ocd-division/country:us/state:or/place:rufus,Rufus city
ocd-division/country:us/state:or/place:salem,Salem city
ocd-division/country:us/state:or/place:sandy,Sandy city
ocd-division/country:us/state:or/place:scappoose,Scappoose city
ocd-division/country:us/state:or/place:scio,Scio city
ocd-division/country:us/state:or/place:scotts_mills,Scotts Mills city
ocd-division/country:us/state:or/place:seaside,Seaside city
ocd-division/country:us/state:or/place:seneca,Seneca city
ocd-division/country:us/state:or/place:shady_cove,Shady Cove city
ocd-division/country:us/state:or/place:shaniko,Shaniko city
ocd-division/country:us/state:or/place:sheridan,Sheridan city
ocd-division/country:us/state:or/place:sherwood,Sherwood city
ocd-division/country:us/state:or/place:siletz,Siletz city
ocd-division/country:us/state:or/place:silverton,Silverton city
ocd-division/country:us/state:or/place:sisters,Sisters city
ocd-division/country:us/state:or/place:sodaville,Sodaville city
ocd-division/country:us/state:or/place:spray,Spray town
ocd-division/country:us/state:or/place:springfield,Springfield city
ocd-division/country:us/state:or/place:st_helens,St. Helens city
ocd-division/country:us/state:or/place:st_paul,St. Paul city
ocd-division/country:us/state:or/place:stanfield,Stanfield city
ocd-division/country:us/state:or/place:stayton,Stayton city
ocd-division/country:us/state:or/place:sublimity,Sublimity city
ocd-division/country:us/state:or/place:summerville,Summerville town
ocd-division/country:us/state:or/place:sumpter,Sumpter city
ocd-division/country:us/state:or/place:sutherlin,Sutherlin city
ocd-division/country:us/state:or/place:sweet_home,Sweet Home city
ocd-division/country:us/state:or/place:talent,Talent city
ocd-division/country:us/state:or/place:tangent,Tangent city
ocd-division/country:us/state:or/place:the_dalles,The Dalles city
ocd-division/country:us/state:or/place:tigard,Tigard city
ocd-division/country:us/state:or/place:tillamook,Tillamook city
ocd-division/country:us/state:or/place:toledo,Toledo city
ocd-division/country:us/state:or/place:troutdale,Troutdale city
ocd-division/country:us/state:or/place:tualatin,Tualatin city
ocd-division/country:us/state:or/place:turner,Turner city
ocd-division/country:us/state:or/place:ukiah,Ukiah city
ocd-division/country:us/state:or/place:umatilla,Umatilla city
ocd-division/country:us/state:or/place:union,Union city
ocd-division/country:us/state:or/place:unity,Unity city
ocd-division/country:us/state:or/place:vale,Vale city
ocd-division/country:us/state:or/place:veneta,Veneta city
ocd-division/country:us/state:or/place:vernonia,Vernonia city
ocd-division/country:us/state:or/place:waldport,Waldport city
ocd-division/country:us/state:or/place:wallowa,Wallowa city
ocd-division/country:us/state:or/place:warrenton,Warrenton city
ocd-division/country:us/state:or/place:wasco,Wasco city
ocd-division/country:us/state:or/place:waterloo,Waterloo town
ocd-division/country:us/state:or/place:west_linn,West Linn city
ocd-division/country:us/state:or/place:westfir,Westfir city
ocd-division/country:us/state:or/place:weston,Weston city
ocd-division/country:us/state:or/place:wheeler,Wheeler city
ocd-division/country:us/state:or/place:willamina,Willamina city
ocd-division/country:us/state:or/place:wilsonville,Wilsonville city
ocd-division/country:us/state:or/place:winston,Winston city
ocd-division/country:us/state:or/place:wood_village,Wood Village city
ocd-division/country:us/state:or/place:woodburn,Woodburn city
ocd-division/country:us/state:or/place:yachats,Yachats city
ocd-division/country:us/state:or/place:yamhill,Yamhill city
ocd-division/country:us/state:or/place:yoncalla,Yoncalla city
