ocd-division/country:us/state:ca/county:alameda,Alameda County
ocd-division/country:us/state:ca/county:alpine,Alpine County
ocd-division/country:us/state:ca/county:amador,Amador County
ocd-division/country:us/state:ca/county:butte,Butte County
ocd-division/country:us/state:ca/county:calaveras,Calaveras County
ocd-division/country:us/state:ca/county:colusa,Colusa County
ocd-division/country:us/state:ca/county:contra_costa,Contra Costa County
ocd-division/country:us/state:ca/county:del_norte,Del Norte County
ocd-division/country:us/state:ca/county:el_dorado,El Dorado County
ocd-division/country:us/state:ca/county:fresno,Fresno County
ocd-division/country:us/state:ca/county:glenn,Glenn County
ocd-division/country:us/state:ca/county:humboldt,Humboldt County
ocd-division/country:us/state:ca/county:imperial,Imperial County
ocd-division/country:us/state:ca/county:inyo,Inyo County
ocd-division/country:us/state:ca/county:kern,Kern County
ocd-division/country:us/state:ca/county:kings,Kings County
ocd-division/country:us/state:ca/county:lake,Lake County
ocd-division/country:us/state:ca/county:lassen,Lassen County
ocd-division/country:us/state:ca/county:los_angeles,Los Angeles County
ocd-division/country:us/state:ca/county:madera,Madera County
ocd-division/country:us/state:ca/county:marin,Marin County
ocd-division/country:us/state:ca/county:mariposa,Mariposa County
ocd-division/country:us/state:ca/county:mendocino,Mendocino County
ocd-division/country:us/state:ca/county:merced,Merced County
ocd-division/country:us/state:ca/county:modoc,Modoc County
ocd-division/country:us/state:ca/county:mono,Mono County
ocd-division/country:us/state:ca/county:monterey,Monterey County
ocd-division/country:us/state:ca/county:napa,Napa County
ocd-division/country:us/state:ca/county:nevada,Nevada County
ocd-division/country:us/state:ca/county:orange,Orange County
ocd-division/country:us/state:ca/county:placer,Placer County
ocd-division/country:us/state:ca/county:plumas,Plumas County
ocd-division/country:us/state:ca/county:riverside,Riverside County
ocd-division/country:us/state:ca/county:sacramento,Sacramento County
ocd-division/country:us/state:ca/county:san_benito,San Benito County
ocd-division/country:us/state:ca/county:san_bernardino,San Bernardino County
ocd-division/country:us/state:ca/county:san_diego,San Diego County
ocd-division/country:us/state:ca/county:san_francisco,San Francisco County
ocd-division/country:us/state:ca/county:san_joaquin,San Joaquin County
ocd-division/country:us/state:ca/county:san_luis_obispo,San Luis Obispo County
ocd-division/country:us/state:ca/county:san_mateo,San Mateo County
ocd-division/country:us/state:ca/county:santa_barbara,Santa Barbara County
ocd-division/country:us/state:ca/county:santa_clara,Santa Clara County
ocd-division/country:us/state:ca/county:santa_cruz,Santa Cruz County
ocd-division/country:us/state:ca/county:shasta,Shasta County
ocd-division/country:us/state:ca/county:sierra,Sierra County
ocd-division/country:us/state:ca/county:siskiyou,Siskiyou County
ocd-division/country:us/state:ca/county:solano,Solano County
ocd-division/country:us/state:ca/county:sonoma,Sonoma County
ocd-division/country:us/state:ca/county:stanislaus,Stanislaus County
ocd-division/country:us/state:ca/county:sutter,Sutter County
ocd-division/country:us/state:ca/county:tehama,Tehama County
ocd-division/country:us/state:ca/county:trinity,Trinity County
ocd-division/country:us/state:ca/county:tulare,Tulare County
ocd-division/country:us/state:ca/county:tuolumne,Tuolumne County
ocd-division/country:us/state:ca/county:ventura,Ventura County
ocd-division/country:us/state:ca/county:yolo,Yolo County
ocd-division/country:us/state:ca/county:yuba,Yuba County
ocd-division/country:us/state:ca/place:adelanto,Adelanto city
ocd-division/country:us/state:ca/place:agoura_hills,Agoura Hills city
ocd-division/country:us/state:ca/place:alameda,Alameda city
ocd-division/country:us/state:ca/place:albany,Albany city
ocd-division/country:us/state:ca/place:alhambra,Alhambra city
ocd-division/country:us/state:ca/place:aliso_viejo,Aliso Viejo city
ocd-division/country:us/state:ca/place:alturas,Alturas city
ocd-division/country:us/state:ca/place:amador_city,Amador City city
ocd-division/country:us/state:ca/place:american_canyon,American Canyon city
ocd-division/country:us/state:ca/place:anaheim,Anaheim city
ocd-division/country:us/state:ca/place:anderson,Anderson city
ocd-division/country:us/state:ca/place:angels,Angels city
ocd-division/country:us/state:ca/place:antioch,Antioch city
ocd-division/country:us/state:ca/place:apple_valley,Apple Valley town
ocd-division/country:us/state:ca/place:arcadia,Arcadia city
ocd-division/country:us/state:ca/place:arcata,Arcata city
ocd-division/country:us/state:ca/place:arroyo_grande,Arroyo Grande city
ocd-division/country:us/state:ca/place:artesia,Artesia city
ocd-division/country:us/state:ca/place:arvin,Arvin city
ocd-division/country:us/state:ca/place:atascadero,Atascadero city
ocd-division/country:us/state:ca/place:atherton,Atherton town
ocd-division/country:us/state:ca/place:atwater,Atwater city
ocd-division/country:us/state:ca/place:auburn,Auburn city
ocd-division/country:us/state:ca/place:avalon,Avalon city
ocd-division/country:us/state:ca/place:avenal,Avenal city
ocd-division/country:us/state:ca/place:azusa,Azusa city
ocd-division/country:us/state:ca/place:bakersfield,Bakersfield city
ocd-division/country:us/state:ca/place:baldwin_park,Baldwin Park city
ocd-division/country:us/state:ca/place:banning,Banning city
ocd-division/country:us/state:ca/place:barstow,Barstow city
ocd-division/country:us/state:ca/place:beaumont,Beaumont city
ocd-division/country:us/state:ca/place:bell,Bell city
ocd-division/country:us/state:ca/place:bell_gardens,Bell Gardens city
ocd-division/country:us/state:ca/place:bellflower,Bellflower city
ocd-division/country:us/state:ca/place:belmont,Belmont city
ocd-division/country:us/state:ca/place:belvedere,Belvedere city
ocd-division/country:us/state:ca/place:benicia,Benicia city
ocd-division/country:us/state:ca/place:berkeley,Berkeley city
ocd-division/country:us/state:ca/place:beverly_hills,Beverly Hills city
ocd-division/country:us/state:ca/place:big_bear_lake,Big Bear Lake city
ocd-division/country:us/state:ca/place:biggs,Biggs city
ocd-division/country:us/state:ca/place:bishop,Bishop city
ocd-division/country:us/state:ca/place:blue_lake,Blue Lake city
ocd-division/country:us/state:ca/place:blythe,Blythe city
ocd-division/country:us/state:ca/place:bradbury,Bradbury city
ocd-division/country:us/state:ca/place:brawley,Brawley city
ocd-division/country:us/state:ca/place:brea,Brea city
ocd-division/country:us/state:ca/place:brentwood,Brentwood city
ocd-division/country:us/state:ca/place:brisbane,Brisbane city
ocd-division/country:us/state:ca/place:buellton,Buellton city
ocd-division/country:us/state:ca/place:buena_park,Buena Park city
ocd-division/country:us/state:ca/place:burbank,Burbank city
ocd-division/country:us/state:ca/place:burlingame,Burlingame city
ocd-division/country:us/state:ca/place:calabasas,Calabasas city
ocd-division/country:us/state:ca/place:calexico,Calexico city
ocd-division/country:us/state:ca/place:california_city,California City city
ocd-division/country:us/state:ca/place:calimesa,Calimesa city
ocd-division/country:us/state:ca/place:calipatria,Calipatria city
ocd-division/country:us/state:ca/place:calistoga,Calistoga city
ocd-division/country:us/state:ca/place:camarillo,Camarillo city
ocd-division/country:us/state:ca/place:campbell,Campbell city
ocd-division/country:us/state:ca/place:canyon_lake,Canyon Lake city
ocd-division/country:us/state:ca/place:capitola,Capitola city
ocd-division/country:us/state:ca/place:carlsbad,Carlsbad city
ocd-division/country:us/state:ca/place:carmel-by-the-sea,Carmel-by-the-Sea city
ocd-division/country:us/state:ca/place:carpinteria,Carpinteria city
ocd-division/country:us/state:ca/place:carson,Carson city
ocd-division/country:us/state:ca/place:cathedral_city,Cathedral City city
ocd-division/country:us/state:ca/place:ceres,Ceres city
ocd-division/country:us/state:ca/place:cerritos,Cerritos city
ocd-division/country:us/state:ca/place:chico,Chico city
ocd-division/country:us/state:ca/place:chino,Chino city
ocd-division/country:us/state:ca/place:chino_hills,Chino Hills city
ocd-division/country:us/state:ca/place:chowchilla,Chowchilla city
ocd-division/country:us/state:ca/place:chula_vista,Chula Vista city
ocd-division/country:us/state:ca/place:citrus_heights,Citrus Heights city
ocd-division/country:us/state:ca/place:claremont,Claremont city
ocd-division/country:us/state:ca/place:clayton,Clayton city
ocd-division/country:us/state:ca/place:clearlake,Clearlake city
ocd-division/country:us/state:ca/place:cloverdale,Cloverdale city
ocd-division/country:us/state:ca/place:clovis,Clovis city
ocd-division/country:us/state:ca/place:coachella,Coachella city
ocd-division/country:us/state:ca/place:coalinga,Coalinga city
ocd-division/country:us/state:ca/place:colfax,Colfax city
ocd-division/country:us/state:ca/place:colma,Colma town
ocd-division/country:us/state:ca/place:colton,Colton city
ocd-division/country:us/state:ca/place:colusa,Colusa city
ocd-division/country:us/state:ca/place:commerce,Commerce city
ocd-division/country:us/state:ca/place:compton,Compton city
ocd-division/country:us/state:ca/place:concord,Concord city
ocd-division/country:us/state:ca/place:corcoran,Corcoran city
ocd-division/country:us/state:ca/place:corning,Corning city
ocd-division/country:us/state:ca/place:corona,Corona city
ocd-division/country:us/state:ca/place:coronado,Coronado city
ocd-division/country:us/state:ca/place:corte_madera,Corte Madera town
ocd-division/country:us/state:ca/place:costa_mesa,Costa Mesa city
ocd-division/country:us/state:ca/place:cotati,Cotati city
ocd-division/country:us/state:ca/place:covina,Covina city
ocd-division/country:us/state:ca/place:crescent_city,Crescent City city
ocd-division/country:us/state:ca/place:cudahy,Cudahy city
ocd-division/country:us/state:ca/place:culver_city,Culver City city
ocd-division/country:us/state:ca/place:cupertino,Cupertino city
ocd-division/country:us/state:ca/place:cypress,Cypress city
ocd-division/country:us/state:ca/place:daly_city,Daly City city
ocd-division/country:us/state:ca/place:dana_point,Dana Point city
ocd-division/country:us/state:ca/place:danville,Danville town
ocd-division/country:us/state:ca/place:davis,Davis city
ocd-division/country:us/state:ca/place:del_mar,Del Mar city
ocd-division/country:us/state:ca/place:del_rey_oaks,Del Rey Oaks city
ocd-division/country:us/state:ca/place:delano,Delano city
ocd-division/country:us/state:ca/place:desert_hot_springs,Desert Hot Springs city
ocd-division/country:us/state:ca/place:diamond_bar,Diamond Bar city
ocd-division/country:us/state:ca/place:dinuba,Dinuba city
ocd-division/country:us/state:ca/place:dixon,Dixon city
ocd-division/country:us/state:ca/place:dorris,Dorris city
ocd-division/country:us/state:ca/place:dos_palos,Dos Palos city
ocd-division/country:us/state:ca/place:downey,Downey city
ocd-division/country:us/state:ca/place:duarte,Duarte city
ocd-division/country:us/state:ca/place:dublin,Dublin city
ocd-division/country:us/state:ca/place:dunsmuir,Dunsmuir city
ocd-division/country:us/state:ca/place:east_palo_alto,East Palo Alto city
ocd-division/country:us/state:ca/place:el_cajon,El Cajon city
ocd-division/country:us/state:ca/place:el_centro,El Centro city
ocd-division/country:us/state:ca/place:el_cerrito,El Cerrito city
ocd-division/country:us/state:ca/place:el_monte,El Monte city
ocd-division/country:us/state:ca/place:el_paso_de_robles_~paso_robles~,El Paso de Robles (Paso Robles) city
ocd-division/country:us/state:ca/place:el_segundo,El Segundo city
ocd-division/country:us/state:ca/place:elk_grove,Elk Grove city
ocd-division/country:us/state:ca/place:emeryville,Emeryville city
ocd-division/country:us/state:ca/place:encinitas,Encinitas city
ocd-division/country:us/state:ca/place:escalon,Escalon city
ocd-division/country:us/state:ca/place:escondido,Escondido city
ocd-division/country:us/state:ca/place:etna,Etna city
ocd-division/country:us/state:ca/place:eureka,Eureka city
ocd-division/country:us/state:ca/place:exeter,Exeter city
ocd-division/country:us/state:ca/place:fairfax,Fairfax town
ocd-division/country:us/state:ca/place:fairfield,Fairfield city
ocd-division/country:us/state:ca/place:farmersville,Farmersville city
ocd-division/country:us/state:ca/place:ferndale,Ferndale city
ocd-division/country:us/state:ca/place:fillmore,Fillmore city
ocd-division/country:us/state:ca/place:firebaugh,Firebaugh city
ocd-division/country:us/state:ca/place:folsom,Folsom city
ocd-division/country:us/state:ca/place:fontana,Fontana city
ocd-division/country:us/state:ca/place:fort_bragg,Fort Bragg city
ocd-division/country:us/state:ca/place:fort_jones,Fort Jones city
ocd-division/country:us/state:ca/place:fortuna,Fortuna city
ocd-division/country:us/state:ca/place:foster_city,Foster City city
ocd-division/country:us/state:ca/place:fountain_valley,Fountain Valley city
ocd-division/country:us/state:ca/place:fowler,Fowler city
ocd-division/country:us/state:ca/place:fremont,Fremont city
ocd-division/country:us/state:ca/place:fresno,Fresno city
ocd-division/country:us/state:ca/place:fullerton,Fullerton city
ocd-division/country:us/state:ca/place:galt,Galt city
ocd-division/country:us/state:ca/place:garden_grove,Garden Grove city
ocd-division/country:us/state:ca/place:gardena,Gardena city
ocd-division/country:us/state:ca/place:gilroy,Gilroy city
ocd-division/country:us/state:ca/place:glendale,Glendale city
ocd-division/country:us/state:ca/place:glendora,Glendora city
ocd-division/country:us/state:ca/place:goleta,Goleta city
ocd-division/country:us/state:ca/place:gonzales,Gonzales city
ocd-division/country:us/state:ca/place:grand_terrace,Grand Terrace city
ocd-division/country:us/state:ca/place:grass_valley,Grass Valley city
ocd-division/country:us/state:ca/place:greenfield,Greenfield city
ocd-division/country:us/state:ca/place:gridley,Gridley city
ocd-division/country:us/state:ca/place:grover_beach,Grover Beach city
ocd-division/country:us/state:ca/place:guadalupe,Guadalupe city
ocd-division/country:us/state:ca/place:gustine,Gustine city
ocd-division/country:us/state:ca/place:half_moon_bay,Half Moon Bay city
ocd-division/country:us/state:ca/place:hanford,Hanford city
ocd-division/country:us/state:ca/place:hawaiian_gardens,Hawaiian Gardens city
ocd-division/country:us/state:ca/place:hawthorne,Hawthorne city
ocd-division/country:us/state:ca/place:hayward,Hayward city
ocd-division/country:us/state:ca/place:healdsburg,Healdsburg city
ocd-division/country:us/state:ca/place:hemet,Hemet city
ocd-division/country:us/state:ca/place:hercules,Hercules city
ocd-division/country:us/state:ca/place:hermosa_beach,Hermosa Beach city
ocd-division/country:us/state:ca/place:hesperia,Hesperia city
ocd-division/country:us/state:ca/place:hidden_hills,Hidden Hills city
ocd-division/country:us/state:ca/place:highland,Highland city
ocd-division/country:us/state:ca/place:hillsborough,Hillsborough town
ocd-division/country:us/state:ca/place:hollister,Hollister city
ocd-division/country:us/state:ca/place:holtville,Holtville city
ocd-division/country:us/state:ca/place:hughson,Hughson city
ocd-division/country:us/state:ca/place:huntington_beach,Huntington Beach city
ocd-division/country:us/state:ca/place:huntington_park,Huntington Park city
ocd-division/country:us/state:ca/place:huron,Huron city
ocd-division/country:us/state:ca/place:imperial,Imperial city
ocd-division/country:us/state:ca/place:imperial_beach,Imperial Beach city
ocd-division/country:us/state:ca/place:indian_wells,Indian Wells city
ocd-division/country:us/state:ca/place:indio,Indio city
ocd-division/country:us/state:ca/place:industry,Industry city
ocd-division/country:us/state:ca/place:inglewood,Inglewood city
ocd-division/country:us/state:ca/place:ione,Ione city
ocd-division/country:us/state:ca/place:irvine,Irvine city
ocd-division/country:us/state:ca/place:irwindale,Irwindale city
ocd-division/country:us/state:ca/place:isleton,Isleton city
ocd-division/country:us/state:ca/place:jackson,Jackson city
ocd-division/country:us/state:ca/place:kerman,Kerman city
ocd-division/country:us/state:ca/place:king_city,King City city
ocd-division/country:us/state:ca/place:kingsburg,Kingsburg city
ocd-division/country:us/state:ca/place:la_cañada_flintridge,La Cañada Flintridge city
ocd-division/country:us/state:ca/place:la_habra,La Habra city
ocd-division/country:us/state:ca/place:la_habra_heights,La Habra Heights city
ocd-division/country:us/state:ca/place:la_mesa,La Mesa city
ocd-division/country:us/state:ca/place:la_mirada,La Mirada city
ocd-division/country:us/state:ca/place:la_palma,La Palma city
ocd-division/country:us/state:ca/place:la_puente,La Puente city
ocd-division/country:us/state:ca/place:la_quinta,La Quinta city
ocd-division/country:us/state:ca/place:la_verne,La Verne city
ocd-division/country:us/state:ca/place:lafayette,Lafayette city
ocd-division/country:us/state:ca/place:laguna_beach,Laguna Beach city
ocd-division/country:us/state:ca/place:laguna_hills,Laguna Hills city
ocd-division/country:us/state:ca/place:laguna_niguel,Laguna Niguel city
ocd-division/country:us/state:ca/place:laguna_woods,Laguna Woods city
ocd-division/country:us/state:ca/place:lake_elsinore,Lake Elsinore city
ocd-division/country:us/state:ca/place:lake_forest,Lake Forest city
ocd-division/country:us/state:ca/place:lakeport,Lakeport city
ocd-division/country:us/state:ca/place:lakewood,Lakewood city
ocd-division/country:us/state:ca/place:lancaster,Lancaster city
ocd-division/country:us/state:ca/place:larkspur,Larkspur city
ocd-division/country:us/state:ca/place:lathrop,Lathrop city
ocd-division/country:us/state:ca/place:lawndale,Lawndale city
ocd-division/country:us/state:ca/place:lemon_grove,Lemon Grove city
ocd-division/country:us/state:ca/place:lemoore,Lemoore city
ocd-division/country:us/state:ca/place:lincoln,Lincoln city
ocd-division/country:us/state:ca/place:lindsay,Lindsay city
ocd-division/country:us/state:ca/place:live_oak,Live Oak city
ocd-division/country:us/state:ca/place:livermore,Livermore city
ocd-division/country:us/state:ca/place:livingston,Livingston city
ocd-division/country:us/state:ca/place:lodi,Lodi city
ocd-division/country:us/state:ca/place:loma_linda,Loma Linda city
ocd-division/country:us/state:ca/place:lomita,Lomita city
ocd-division/country:us/state:ca/place:lompoc,Lompoc city
ocd-division/country:us/state:ca/place:long_beach,Long Beach city
ocd-division/country:us/state:ca/place:loomis,Loomis town
ocd-division/country:us/state:ca/place:los_alamitos,Los Alamitos city
ocd-division/country:us/state:ca/place:los_altos,Los Altos city
ocd-division/country:us/state:ca/place:los_altos_hills,Los Altos Hills town
ocd-division/country:us/state:ca/place:los_angeles,Los Angeles city
ocd-division/country:us/state:ca/place:los_banos,Los Banos city
ocd-division/country:us/state:ca/place:los_gatos,Los Gatos town
ocd-division/country:us/state:ca/place:loyalton,Loyalton city
ocd-division/country:us/state:ca/place:lynwood,Lynwood city
ocd-division/country:us/state:ca/place:madera,Madera city
ocd-division/country:us/state:ca/place:malibu,Malibu city
ocd-division/country:us/state:ca/place:mammoth_lakes,Mammoth Lakes town
ocd-division/country:us/state:ca/place:manhattan_beach,Manhattan Beach city
ocd-division/country:us/state:ca/place:manteca,Manteca city
ocd-division/country:us/state:ca/place:maricopa,Maricopa city
ocd-division/country:us/state:ca/place:marina,Marina city
ocd-division/country:us/state:ca/place:martinez,Martinez city
ocd-division/country:us/state:ca/place:marysville,Marysville city
ocd-division/country:us/state:ca/place:maywood,Maywood city
ocd-division/country:us/state:ca/place:mcfarland,McFarland city
ocd-division/country:us/state:ca/place:mendota,Mendota city
ocd-division/country:us/state:ca/place:menifee,Menifee city
ocd-division/country:us/state:ca/place:menlo_park,Menlo Park city
ocd-division/country:us/state:ca/place:merced,Merced city
ocd-division/country:us/state:ca/place:mill_valley,Mill Valley city
ocd-division/country:us/state:ca/place:millbrae,Millbrae city
ocd-division/country:us/state:ca/place:milpitas,Milpitas city
ocd-division/country:us/state:ca/place:mission_viejo,Mission Viejo city
ocd-division/country:us/state:ca/place:modesto,Modesto city
ocd-division/country:us/state:ca/place:monrovia,Monrovia city
ocd-division/country:us/state:ca/place:montague,Montague city
ocd-division/country:us/state:ca/place:montclair,Montclair city
ocd-division/country:us/state:ca/place:monte_sereno,Monte Sereno city
ocd-division/country:us/state:ca/place:montebello,Montebello city
ocd-division/country:us/state:ca/place:monterey,Monterey city
ocd-division/country:us/state:ca/place:monterey_park,Monterey Park city
ocd-division/country:us/state:ca/place:moorpark,Moorpark city
ocd-division/country:us/state:ca/place:moraga,Moraga town
ocd-division/country:us/state:ca/place:moreno_valley,Moreno Valley city
ocd-division/country:us/state:ca/place:morgan_hill,Morgan Hill city
ocd-division/country:us/state:ca/place:morro_bay,Morro Bay city
ocd-division/country:us/state:ca/place:mount_shasta,Mount Shasta city
ocd-division/country:us/state:ca/place:mountain_view,Mountain View city
ocd-division/country:us/state:ca/place:murrieta,Murrieta city
ocd-division/country:us/state:ca/place:napa,Napa city
ocd-division/country:us/state:ca/place:national_city,National City city
ocd-division/country:us/state:ca/place:needles,Needles city
ocd-division/country:us/state:ca/place:nevada_city,Nevada City city
ocd-division/country:us/state:ca/place:newark,Newark city
ocd-division/country:us/state:ca/place:newman,Newman city
ocd-division/country:us/state:ca/place:newport_beach,Newport Beach city
ocd-division/country:us/state:ca/place:norco,Norco city
ocd-division/country:us/state:ca/place:norwalk,Norwalk city
ocd-division/country:us/state:ca/place:novato,Novato city
ocd-division/country:us/state:ca/place:oakdale,Oakdale city
ocd-division/country:us/state:ca/place:oakland,Oakland city
ocd-division/country:us/state:ca/place:oakley,Oakley city
ocd-division/country:us/state:ca/place:oceanside,Oceanside city
ocd-division/country:us/state:ca/place:ojai,Ojai city
ocd-division/country:us/state:ca/place:ontario,Ontario city
ocd-division/country:us/state:ca/place:orange,Orange city
ocd-division/country:us/state:ca/place:orange_cove,Orange Cove city
ocd-division/country:us/state:ca/place:orinda,Orinda city
ocd-division/country:us/state:ca/place:orland,Orland city
ocd-division/country:us/state:ca/place:oroville,Oroville city
ocd-division/country:us/state:ca/place:oxnard,Oxnard city
ocd-division/country:us/state:ca/place:pacific_grove,Pacific Grove city
ocd-division/country:us/state:ca/place:pacifica,Pacifica city
ocd-division/country:us/state:ca/place:palm_desert,Palm Desert city
ocd-division/country:us/state:ca/place:palm_springs,Palm Springs city
ocd-division/country:us/state:ca/place:palmdale,Palmdale city
ocd-division/country:us/state:ca/place:palo_alto,Palo Alto city
ocd-division/country:us/state:ca/place:palos_verdes_estates,Palos Verdes Estates city
ocd-division/country:us/state:ca/place:paradise,Paradise town
ocd-division/country:us/state:ca/place:paramount,Paramount city
ocd-division/country:us/state:ca/place:parlier,Parlier city
ocd-division/country:us/state:ca/place:pasadena,Pasadena city
ocd-division/country:us/state:ca/place:patterson,Patterson city
ocd-division/country:us/state:ca/place:perris,Perris city
ocd-division/country:us/state:ca/place:petaluma,Petaluma city
ocd-division/country:us/state:ca/place:pico_rivera,Pico Rivera city
ocd-division/country:us/state:ca/place:piedmont,Piedmont city
ocd-division/country:us/state:ca/place:pinole,Pinole city
ocd-division/country:us/state:ca/place:pismo_beach,Pismo Beach city
ocd-division/country:us/state:ca/place:pittsburg,Pittsburg city
ocd-division/country:us/state:ca/place:placentia,Placentia city
ocd-division/country:us/state:ca/place:placerville,Placerville city
ocd-division/country:us/state:ca/place:pleasant_hill,Pleasant Hill city
ocd-division/country:us/state:ca/place:pleasanton,Pleasanton city
ocd-division/country:us/state:ca/place:plymouth,Plymouth city
ocd-division/country:us/state:ca/place:point_arena,Point Arena city
ocd-division/country:us/state:ca/place:pomona,Pomona city
ocd-division/country:us/state:ca/place:port_hueneme,Port Hueneme city
ocd-division/country:us/state:ca/place:porterville,Porterville city
ocd-division/country:us/state:ca/place:portola,Portola city
ocd-division/country:us/state:ca/place:portola_valley,Portola Valley town
ocd-division/country:us/state:ca/place:poway,Poway city
ocd-division/country:us/state:ca/place:rancho_cordova,Rancho Cordova city
ocd-division/country:us/state:ca/place:rancho_cucamonga,Rancho Cucamonga city
ocd-division/country:us/state:ca/place:rancho_mirage,Rancho Mirage city
ocd-division/country:us/state:ca/place:rancho_palos_verdes,Rancho Palos Verdes city
ocd-division/country:us/state:ca/place:rancho_santa_margarita,Rancho Santa Margarita city
ocd-division/country:us/state:ca/place:red_bluff,Red Bluff city
ocd-division/country:us/state:ca/place:redding,Redding city
ocd-division/country:us/state:ca/place:redlands,Redlands city
ocd-division/country:us/state:ca/place:redondo_beach,Redondo Beach city
ocd-division/country:us/state:ca/place:redwood_city,Redwood City city
ocd-division/country:us/state:ca/place:reedley,Reedley city
ocd-division/country:us/state:ca/place:rialto,Rialto city
ocd-division/country:us/state:ca/place:richmond,Richmond city
ocd-division/country:us/state:ca/place:ridgecrest,Ridgecrest city
ocd-division/country:us/state:ca/place:rio_dell,Rio Dell city
ocd-division/country:us/state:ca/place:rio_vista,Rio Vista city
ocd-division/country:us/state:ca/place:ripon,Ripon city
ocd-division/country:us/state:ca/place:riverbank,Riverbank city
ocd-division/country:us/state:ca/place:riverside,Riverside city
ocd-division/country:us/state:ca/place:rocklin,Rocklin city
ocd-division/country:us/state:ca/place:rohnert_park,Rohnert Park city
ocd-division/country:us/state:ca/place:rolling_hills,Rolling Hills city
ocd-division/country:us/state:ca/place:rolling_hills_estates,Rolling Hills Estates city
ocd-division/country:us/state:ca/place:rosemead,Rosemead city
ocd-division/country:us/state:ca/place:roseville,Roseville city
ocd-division/country:us/state:ca/place:ross,Ross town
ocd-division/country:us/state:ca/place:sacramento,Sacramento city
ocd-division/country:us/state:ca/place:salinas,Salinas city
ocd-division/country:us/state:ca/place:san_anselmo,San Anselmo town
ocd-division/country:us/state:ca/place:san_bernardino,San Bernardino city
ocd-division/country:us/state:ca/place:san_bruno,San Bruno city
ocd-division/country:us/state:ca/place:san_buenaventura_~ventura~,San Buenaventura (Ventura) city
ocd-division/country:us/state:ca/place:san_carlos,San Carlos city
ocd-division/country:us/state:ca/place:san_clemente,San Clemente city
ocd-division/country:us/state:ca/place:san_diego,San Diego city
ocd-division/country:us/state:ca/place:san_dimas,San Dimas city
ocd-division/country:us/state:ca/place:san_fernando,San Fernando city
ocd-division/country:us/state:ca/place:san_francisco,San Francisco city
ocd-division/country:us/state:ca/place:san_gabriel,San Gabriel city
ocd-division/country:us/state:ca/place:san_jacinto,San Jacinto city
ocd-division/country:us/state:ca/place:san_joaquin,San Joaquin city
ocd-division/country:us/state:ca/place:san_jose,San Jose city
ocd-division/country:us/state:ca/place:san_juan_bautista,San Juan Bautista city
ocd-division/country:us/state:ca/place:san_juan_capistrano,San Juan Capistrano city
ocd-division/country:us/state:ca/place:san_leandro,San Leandro city
ocd-division/country:us/state:ca/place:san_luis_obispo,San Luis Obispo city
ocd-division/country:us/state:ca/place:san_marcos,San Marcos city
ocd-division/country:us/state:ca/place:san_marino,San Marino city
ocd-division/country:us/state:ca/place:san_mateo,San Mateo city
ocd-division/country:us/state:ca/place:san_pablo,San Pablo city
ocd-division/country:us/state:ca/place:san_rafael,San Rafael city
ocd-division/country:us/state:ca/place:san_ramon,San Ramon city
ocd-division/country:us/state:ca/place:sand_city,Sand City city
ocd-division/country:us/state:ca/place:sanger,Sanger city
ocd-division/country:us/state:ca/place:santa_ana,Santa Ana city
ocd-division/country:us/state:ca/place:santa_barbara,Santa Barbara city
ocd-division/country:us/state:ca/place:santa_clara,Santa Clara city
ocd-division/country:us/state:ca/place:santa_clarita,Santa Clarita city
ocd-division/country:us/state:ca/place:santa_cruz,Santa Cruz city
ocd-division/country:us/state:ca/place:santa_fe_springs,Santa Fe Springs city
ocd-division/country:us/state:ca/place:santa_maria,Santa Maria city
ocd-division/country:us/state:ca/place:santa_monica,Santa Monica city
ocd-division/country:us/state:ca/place:santa_paula,Santa Paula city
ocd-division/country:us/state:ca/place:santa_rosa,Santa Rosa city
ocd-division/country:us/state:ca/place:santee,Santee city
ocd-division/country:us/state:ca/place:saratoga,Saratoga city
ocd-division/country:us/state:ca/place:sausalito,Sausalito city
ocd-division/country:us/state:ca/place:scotts_valley,Scotts Valley city
ocd-division/country:us/state:ca/place:seal_beach,Seal Beach city
ocd-division/country:us/state:ca/place:seaside,Seaside city
ocd-division/country:us/state:ca/place:sebastopol,Sebastopol city
ocd-division/country:us/state:ca/place:selma,Selma city
ocd-division/country:us/state:ca/place:shafter,Shafter city
ocd-division/country:us/state:ca/place:shasta_lake,Shasta Lake city
ocd-division/country:us/state:ca/place:sierra_madre,Sierra Madre city
ocd-division/country:us/state:ca/place:signal_hill,Signal Hill city
ocd-division/country:us/state:ca/place:simi_valley,Simi Valley city
ocd-division/country:us/state:ca/place:solana_beach,Solana Beach city
ocd-division/country:us/state:ca/place:soledad,Soledad city
ocd-division/country:us/state:ca/place:solvang,Solvang city
ocd-division/country:us/state:ca/place:sonoma,Sonoma city
ocd-division/country:us/state:ca/place:sonora,Sonora city
ocd-division/country:us/state:ca/place:south_el_monte,South El Monte city
ocd-division/country:us/state:ca/place:south_gate,South Gate city
ocd-division/country:us/state:ca/place:south_lake_tahoe,South Lake Tahoe city
ocd-division/country:us/state:ca/place:south_pasadena,South Pasadena city
ocd-division/country:us/state:ca/place:south_san_francisco,South San Francisco city
ocd-division/country:us/state:ca/place:st_helena,St. Helena city
ocd-division/country:us/state:ca/place:stanton,Stanton city
ocd-division/country:us/state:ca/place:stockton,Stockton city
ocd-division/country:us/state:ca/place:suisun_city,Suisun City city
ocd-division/country:us/state:ca/place:sunnyvale,Sunnyvale city
ocd-division/country:us/state:ca/place:susanville,Susanville city
ocd-division/country:us/state:ca/place:sutter_creek,Sutter Creek city
ocd-division/country:us/state:ca/place:taft,Taft city
ocd-division/country:us/state:ca/place:tehachapi,Tehachapi city
ocd-division/country:us/state:ca/place:tehama,Tehama city
ocd-division/country:us/state:ca/place:temecula,Temecula city
ocd-division/country:us/state:ca/place:temple_city,Temple City city
ocd-division/country:us/state:ca/place:thousand_oaks,Thousand Oaks city
ocd-division/country:us/state:ca/place:tiburon,Tiburon town
ocd-division/country:us/state:ca/place:torrance,Torrance city
ocd-division/country:us/state:ca/place:tracy,Tracy city
ocd-division/country:us/state:ca/place:trinidad,Trinidad city
ocd-division/country:us/state:ca/place:truckee,Truckee town
ocd-division/country:us/state:ca/place:tulare,Tulare city
ocd-division/country:us/state:ca/place:tulelake,Tulelake city
ocd-division/country:us/state:ca/place:turlock,Turlock city
ocd-division/country:us/state:ca/place:tustin,Tustin city
ocd-division/country:us/state:ca/place:twentynine_palms,Twentynine Palms city
ocd-division/country:us/state:ca/place:ukiah,Ukiah city
ocd-division/country:us/state:ca/place:union_city,Union City city
ocd-division/country:us/state:ca/place:upland,Upland city
ocd-division/country:us/state:ca/place:vacaville,Vacaville city
ocd-division/country:us/state:ca/place:vallejo,Vallejo city
ocd-division/country:us/state:ca/place:vernon,Vernon city
ocd-division/country:us/state:ca/place:victorville,Victorville city
ocd-division/country:us/state:ca/place:villa_park,Villa Park city
ocd-division/country:us/state:ca/place:visalia,Visalia city
ocd-division/country:us/state:ca/place:vista,Vista city
ocd-division/country:us/state:ca/place:walnut,Walnut city
ocd-division/country:us/state:ca/place:walnut_creek,Walnut Creek city
ocd-division/country:us/state:ca/place:wasco,Wasco city
ocd-division/country:us/state:ca/place:waterford,Waterford city
ocd-division/country:us/state:ca/place:watsonville,Watsonville city
ocd-division/country:us/state:ca/place:weed,Weed city
ocd-division/country:us/state:ca/place:west_covina,West Covina city
ocd-division/country:us/state:ca/place:west_hollywood,West Hollywood city
ocd-division/country:us/state:ca/place:west_sacramento,West Sacramento city
ocd-division/country:us/state:ca/place:westlake_village,Westlake Village city
ocd-division/country:us/state:ca/place:westminster,Westminster city
ocd-division/country:us/state:ca/place:westmorland,Westmorland city
ocd-division/country:us/state:ca/place:wheatland,Wheatland city
ocd-division/country:us/state:ca/place:whittier,Whittier city
ocd-division/country:us/state:ca/place:wildomar,Wildomar city
ocd-division/country:us/state:ca/place:williams,Williams city
ocd-division/country:us/state:ca/place:willits,Willits city
ocd-division/country:us/state:ca/place:willows,Willows city
ocd-division/country:us/state:ca/place:windsor,Windsor town
ocd-division/country:us/state:ca/place:winters,Winters city
ocd-division/country:us/state:ca/place:woodlake,Woodlake city
ocd-division/country:us/state:ca/place:woodland,Woodland city
ocd-division/country:us/state:ca/place:woodside,Woodside town
ocd-division/country:us/state:ca/place:yorba_linda,Yorba Linda city
ocd-division/country:us/state:ca/place:yountville,Yountville city
ocd-division/country:us/state:ca/place:yreka,Yreka city
ocd-division/country:us/state:ca/place:yuba_city,Yuba City city
ocd-division/country:us/state:ca/place:yucaipa,Yucaipa city
ocd-division/country:us/state:ca/place:yucca_valley,Yucca Valley town
