ocd-division/country:us/state:ut/county:beaver,Beaver County
ocd-division/country:us/state:ut/county:box_elder,Box Elder County
ocd-division/country:us/state:ut/county:cache,Cache County
ocd-division/country:us/state:ut/county:carbon,Carbon County
ocd-division/country:us/state:ut/county:daggett,Daggett County
ocd-division/country:us/state:ut/county:davis,Davis County
ocd-division/country:us/state:ut/county:duchesne,Duchesne County
ocd-division/country:us/state:ut/county:emery,Emery County
ocd-division/country:us/state:ut/county:garfield,Garfield County
ocd-division/country:us/state:ut/county:grand,Grand County
ocd-division/country:us/state:ut/county:iron,Iron County
ocd-division/country:us/state:ut/county:juab,Juab County
ocd-division/country:us/state:ut/county:kane,Kane County
ocd-division/country:us/state:ut/county:millard,Millard County
ocd-division/country:us/state:ut/county:morgan,Morgan County
ocd-division/country:us/state:ut/county:piute,Piute County
ocd-division/country:us/state:ut/county:rich,Rich County
ocd-division/country:us/state:ut/county:salt_lake,Salt Lake County
ocd-division/country:us/state:ut/county:san_juan,San Juan County
ocd-division/country:us/state:ut/county:sanpete,Sanpete County
ocd-division/country:us/state:ut/county:sevier,Sevier County
ocd-division/country:us/state:ut/county:summit,Summit County
ocd-division/country:us/state:ut/county:tooele,Tooele County
ocd-division/country:us/state:ut/county:uintah,Uintah County
ocd-division/country:us/state:ut/county:utah,Utah County
ocd-division/country:us/state:ut/county:wasatch,Wasatch County
ocd-division/country:us/state:ut/county:washington,Washington County
ocd-division/country:us/state:ut/county:wayne,Wayne County
ocd-division/country:us/state:ut/county:weber,Weber County
ocd-division/country:us/state:ut/place:alpine,Alpine city
ocd-division/country:us/state:ut/place:alta,Alta town
ocd-division/country:us/state:ut/place:altamont,Altamont town
ocd-division/country:us/state:ut/place:alton,Alton town
ocd-division/country:us/state:ut/place:amalga,Amalga town
ocd-division/country:us/state:ut/place:american_fork,American Fork city
ocd-division/country:us/state:ut/place:annabella,Annabella town
ocd-division/country:us/state:ut/place:antimony,Antimony town
ocd-division/country:us/state:ut/place:apple_valley,Apple Valley town
ocd-division/country:us/state:ut/place:aurora,Aurora city
ocd-division/country:us/state:ut/place:ballard,Ballard town
ocd-division/country:us/state:ut/place:bear_river_city,Bear River City city
ocd-division/country:us/state:ut/place:beaver,Beaver city
ocd-division/country:us/state:ut/place:bicknell,Bicknell town
ocd-division/country:us/state:ut/place:big_water,Big Water town
ocd-division/country:us/state:ut/place:blanding,Blanding city
ocd-division/country:us/state:ut/place:bluffdale,Bluffdale city
ocd-division/country:us/state:ut/place:boulder,Boulder town
ocd-division/country:us/state:ut/place:bountiful,Bountiful city
ocd-division/country:us/state:ut/place:brian_head,Brian Head town
ocd-division/country:us/state:ut/place:brigham_city,Brigham City city
ocd-division/country:us/state:ut/place:bryce_canyon_city,Bryce Canyon City town
ocd-division/country:us/state:ut/place:cannonville,Cannonville town
ocd-division/country:us/state:ut/place:castle_dale,Castle Dale city
ocd-division/country:us/state:ut/place:castle_valley,Castle Valley town
ocd-division/country:us/state:ut/place:cedar_city,Cedar City city
ocd-division/country:us/state:ut/place:cedar_fort,Cedar Fort town
ocd-division/country:us/state:ut/place:cedar_hills,Cedar Hills city
ocd-division/country:us/state:ut/place:centerfield,Centerfield town
ocd-division/country:us/state:ut/place:centerville,Centerville city
ocd-division/country:us/state:ut/place:central_valley,Central Valley town
ocd-division/country:us/state:ut/place:charleston,Charleston town
ocd-division/country:us/state:ut/place:circleville,Circleville town
ocd-division/country:us/state:ut/place:clarkston,Clarkston town
ocd-division/country:us/state:ut/place:clawson,Clawson town
ocd-division/country:us/state:ut/place:clearfield,Clearfield city
ocd-division/country:us/state:ut/place:cleveland,Cleveland town
ocd-division/country:us/state:ut/place:clinton,Clinton city
ocd-division/country:us/state:ut/place:coalville,Coalville city
ocd-division/country:us/state:ut/place:corinne,Corinne city
ocd-division/country:us/state:ut/place:cornish,Cornish town
ocd-division/country:us/state:ut/place:cottonwood_heights,Cottonwood Heights city
ocd-division/country:us/state:ut/place:daniel,Daniel town
ocd-division/country:us/state:ut/place:delta,Delta city
ocd-division/country:us/state:ut/place:deweyville,Deweyville town
ocd-division/country:us/state:ut/place:draper,Draper city
ocd-division/country:us/state:ut/place:duchesne,Duchesne city
ocd-division/country:us/state:ut/place:eagle_mountain,Eagle Mountain city
ocd-division/country:us/state:ut/place:east_carbon,East Carbon city
ocd-division/country:us/state:ut/place:elk_ridge,Elk Ridge city
ocd-division/country:us/state:ut/place:elmo,Elmo town
ocd-division/country:us/state:ut/place:elsinore,Elsinore town
ocd-division/country:us/state:ut/place:elwood,Elwood town
ocd-division/country:us/state:ut/place:emery,Emery town
ocd-division/country:us/state:ut/place:enoch,Enoch city
ocd-division/country:us/state:ut/place:enterprise,Enterprise city
ocd-division/country:us/state:ut/place:ephraim,Ephraim city
ocd-division/country:us/state:ut/place:escalante,Escalante city
ocd-division/country:us/state:ut/place:eureka,Eureka city
ocd-division/country:us/state:ut/place:fairfield,Fairfield town
ocd-division/country:us/state:ut/place:fairview,Fairview city
ocd-division/country:us/state:ut/place:farmington,Farmington city
ocd-division/country:us/state:ut/place:farr_west,Farr West city
ocd-division/country:us/state:ut/place:fayette,Fayette town
ocd-division/country:us/state:ut/place:ferron,Ferron city
ocd-division/country:us/state:ut/place:fielding,Fielding town
ocd-division/country:us/state:ut/place:fillmore,Fillmore city
ocd-division/country:us/state:ut/place:fountain_green,Fountain Green city
ocd-division/country:us/state:ut/place:francis,Francis town
ocd-division/country:us/state:ut/place:fruit_heights,Fruit Heights city
ocd-division/country:us/state:ut/place:garden_city,Garden City town
ocd-division/country:us/state:ut/place:garland,Garland city
ocd-division/country:us/state:ut/place:genola,Genola town
ocd-division/country:us/state:ut/place:glendale,Glendale town
ocd-division/country:us/state:ut/place:glenwood,Glenwood town
ocd-division/country:us/state:ut/place:goshen,Goshen town
ocd-division/country:us/state:ut/place:grantsville,Grantsville city
ocd-division/country:us/state:ut/place:green_river,Green River city
ocd-division/country:us/state:ut/place:gunnison,Gunnison city
ocd-division/country:us/state:ut/place:hanksville,Hanksville town
ocd-division/country:us/state:ut/place:harrisville,Harrisville city
ocd-division/country:us/state:ut/place:hatch,Hatch town
ocd-division/country:us/state:ut/place:heber,Heber city
ocd-division/country:us/state:ut/place:helper,Helper city
ocd-division/country:us/state:ut/place:henefer,Henefer town
ocd-division/country:us/state:ut/place:henrieville,Henrieville town
ocd-division/country:us/state:ut/place:herriman,Herriman city
ocd-division/country:us/state:ut/place:hideout,Hideout town
ocd-division/country:us/state:ut/place:highland,Highland city
ocd-division/country:us/state:ut/place:hildale,Hildale city
ocd-division/country:us/state:ut/place:hinckley,Hinckley town
ocd-division/country:us/state:ut/place:holden,Holden town
ocd-division/country:us/state:ut/place:holladay,Holladay city
ocd-division/country:us/state:ut/place:honeyville,Honeyville city
ocd-division/country:us/state:ut/place:hooper,Hooper city
ocd-division/country:us/state:ut/place:howell,Howell town
ocd-division/country:us/state:ut/place:huntington,Huntington city
ocd-division/country:us/state:ut/place:huntsville,Huntsville town
ocd-division/country:us/state:ut/place:hurricane,Hurricane city
ocd-division/country:us/state:ut/place:hyde_park,Hyde Park city
ocd-division/country:us/state:ut/place:hyrum,Hyrum city
ocd-division/country:us/state:ut/place:independence,Independence town
ocd-division/country:us/state:ut/place:ivins,Ivins city
ocd-division/country:us/state:ut/place:joseph,Joseph town
ocd-division/country:us/state:ut/place:junction,Junction town
ocd-division/country:us/state:ut/place:kamas,Kamas city
ocd-division/country:us/state:ut/place:kanab,Kanab city
ocd-division/country:us/state:ut/place:kanarraville,Kanarraville town
ocd-division/country:us/state:ut/place:kanosh,Kanosh town
ocd-division/country:us/state:ut/place:kaysville,Kaysville city
ocd-division/country:us/state:ut/place:kingston,Kingston town
ocd-division/country:us/state:ut/place:koosharem,Koosharem town
ocd-division/country:us/state:ut/place:la_verkin,La Verkin city
ocd-division/country:us/state:ut/place:laketown,Laketown town
ocd-division/country:us/state:ut/place:layton,Layton city
ocd-division/country:us/state:ut/place:leamington,Leamington town
ocd-division/country:us/state:ut/place:leeds,Leeds town
ocd-division/country:us/state:ut/place:lehi,Lehi city
ocd-division/country:us/state:ut/place:levan,Levan town
ocd-division/country:us/state:ut/place:lewiston,Lewiston city
ocd-division/country:us/state:ut/place:lindon,Lindon city
ocd-division/country:us/state:ut/place:loa,Loa town
ocd-division/country:us/state:ut/place:logan,Logan city
ocd-division/country:us/state:ut/place:lyman,Lyman town
ocd-division/country:us/state:ut/place:lynndyl,Lynndyl town
ocd-division/country:us/state:ut/place:manila,Manila town
ocd-division/country:us/state:ut/place:manti,Manti city
ocd-division/country:us/state:ut/place:mantua,Mantua town
ocd-division/country:us/state:ut/place:mapleton,Mapleton city
ocd-division/country:us/state:ut/place:marriott-slaterville,Marriott-Slaterville city
ocd-division/country:us/state:ut/place:marysvale,Marysvale town
ocd-division/country:us/state:ut/place:mayfield,Mayfield town
ocd-division/country:us/state:ut/place:meadow,Meadow town
ocd-division/country:us/state:ut/place:mendon,Mendon city
ocd-division/country:us/state:ut/place:midvale,Midvale city
ocd-division/country:us/state:ut/place:midway,Midway city
ocd-division/country:us/state:ut/place:milford,Milford city
ocd-division/country:us/state:ut/place:millville,Millville city
ocd-division/country:us/state:ut/place:minersville,Minersville town
ocd-division/country:us/state:ut/place:moab,Moab city
ocd-division/country:us/state:ut/place:mona,Mona city
ocd-division/country:us/state:ut/place:monroe,Monroe city
ocd-division/country:us/state:ut/place:monticello,Monticello city
ocd-division/country:us/state:ut/place:morgan,Morgan city
ocd-division/country:us/state:ut/place:moroni,Moroni city
ocd-division/country:us/state:ut/place:mount_pleasant,Mount Pleasant city
ocd-division/country:us/state:ut/place:murray,Murray city
ocd-division/country:us/state:ut/place:myton,Myton city
ocd-division/country:us/state:ut/place:naples,Naples city
ocd-division/country:us/state:ut/place:nephi,Nephi city
ocd-division/country:us/state:ut/place:new_harmony,New Harmony town
ocd-division/country:us/state:ut/place:newton,Newton town
ocd-division/country:us/state:ut/place:nibley,Nibley city
ocd-division/country:us/state:ut/place:north_logan,North Logan city
ocd-division/country:us/state:ut/place:north_ogden,North Ogden city
ocd-division/country:us/state:ut/place:north_salt_lake,North Salt Lake city
ocd-division/country:us/state:ut/place:oak_city,Oak City town
ocd-division/country:us/state:ut/place:oakley,Oakley city
ocd-division/country:us/state:ut/place:ogden,Ogden city
ocd-division/country:us/state:ut/place:ophir,Ophir town
ocd-division/country:us/state:ut/place:orangeville,Orangeville city
ocd-division/country:us/state:ut/place:orderville,Orderville town
ocd-division/country:us/state:ut/place:orem,Orem city
ocd-division/country:us/state:ut/place:panguitch,Panguitch city
ocd-division/country:us/state:ut/place:paradise,Paradise town
ocd-division/country:us/state:ut/place:paragonah,Paragonah town
ocd-division/country:us/state:ut/place:park_city,Park City city
ocd-division/country:us/state:ut/place:parowan,Parowan city
ocd-division/country:us/state:ut/place:payson,Payson city
ocd-division/country:us/state:ut/place:perry,Perry city
ocd-division/country:us/state:ut/place:plain_city,Plain City city
ocd-division/country:us/state:ut/place:pleasant_grove,Pleasant Grove city
ocd-division/country:us/state:ut/place:pleasant_view,Pleasant View city
ocd-division/country:us/state:ut/place:plymouth,Plymouth town
ocd-division/country:us/state:ut/place:portage,Portage town
ocd-division/country:us/state:ut/place:price,Price city
ocd-division/country:us/state:ut/place:providence,Providence city
ocd-division/country:us/state:ut/place:provo,Provo city
ocd-division/country:us/state:ut/place:randolph,Randolph town
ocd-division/country:us/state:ut/place:redmond,Redmond town
ocd-division/country:us/state:ut/place:richfield,Richfield city
ocd-division/country:us/state:ut/place:richmond,Richmond city
ocd-division/country:us/state:ut/place:river_heights,River Heights city
ocd-division/country:us/state:ut/place:riverdale,Riverdale city
ocd-division/country:us/state:ut/place:riverton,Riverton city
ocd-division/country:us/state:ut/place:rockville,Rockville town
ocd-division/country:us/state:ut/place:rocky_ridge,Rocky Ridge town
ocd-division/country:us/state:ut/place:roosevelt,Roosevelt city
ocd-division/country:us/state:ut/place:roy,Roy city
ocd-division/country:us/state:ut/place:rush_valley,Rush Valley town
ocd-division/country:us/state:ut/place:salem,Salem city
ocd-division/country:us/state:ut/place:salina,Salina city
ocd-division/country:us/state:ut/place:salt_lake_city,Salt Lake City city
ocd-division/country:us/state:ut/place:sandy,Sandy city
ocd-division/country:us/state:ut/place:santa_clara,Santa Clara city
ocd-division/country:us/state:ut/place:santaquin,Santaquin city
ocd-division/country:us/state:ut/place:saratoga_springs,Saratoga Springs city
ocd-division/country:us/state:ut/place:scipio,Scipio town
ocd-division/country:us/state:ut/place:scofield,Scofield town
ocd-division/country:us/state:ut/place:sigurd,Sigurd town
ocd-division/country:us/state:ut/place:smithfield,Smithfield city
ocd-division/country:us/state:ut/place:snowville,Snowville town
ocd-division/country:us/state:ut/place:south_jordan,South Jordan city
ocd-division/country:us/state:ut/place:south_ogden,South Ogden city
ocd-division/country:us/state:ut/place:south_salt_lake,South Salt Lake city
ocd-division/country:us/state:ut/place:south_weber,South Weber city
ocd-division/country:us/state:ut/place:spanish_fork,Spanish Fork city
ocd-division/country:us/state:ut/place:spring_city,Spring City city
ocd-division/country:us/state:ut/place:springdale,Springdale town
ocd-division/country:us/state:ut/place:springville,Springville city
ocd-division/country:us/state:ut/place:st_george,St. George city
ocd-division/country:us/state:ut/place:sterling,Sterling town
ocd-division/country:us/state:ut/place:stockton,Stockton town
ocd-division/country:us/state:ut/place:sunnyside,Sunnyside city
ocd-division/country:us/state:ut/place:sunset,Sunset city
ocd-division/country:us/state:ut/place:syracuse,Syracuse city
ocd-division/country:us/state:ut/place:tabiona,Tabiona town
ocd-division/country:us/state:ut/place:taylorsville,Taylorsville city
ocd-division/country:us/state:ut/place:tooele,Tooele city
ocd-division/country:us/state:ut/place:toquerville,Toquerville town
ocd-division/country:us/state:ut/place:torrey,Torrey town
ocd-division/country:us/state:ut/place:tremonton,Tremonton city
ocd-division/country:us/state:ut/place:trenton,Trenton town
ocd-division/country:us/state:ut/place:tropic,Tropic town
ocd-division/country:us/state:ut/place:uintah,Uintah town
ocd-division/country:us/state:ut/place:vernal,Vernal city
ocd-division/country:us/state:ut/place:vernon,Vernon town
ocd-division/country:us/state:ut/place:vineyard,Vineyard town
ocd-division/country:us/state:ut/place:virgin,Virgin town
ocd-division/country:us/state:ut/place:wales,Wales town
ocd-division/country:us/state:ut/place:wallsburg,Wallsburg town
ocd-division/country:us/state:ut/place:washington,Washington city
ocd-division/country:us/state:ut/place:washington_terrace,Washington Terrace city
ocd-division/country:us/state:ut/place:wellington,Wellington city
ocd-division/country:us/state:ut/place:wellsville,Wellsville city
ocd-division/country:us/state:ut/place:wendover,Wendover city
ocd-division/country:us/state:ut/place:west_bountiful,West Bountiful city
ocd-division/country:us/state:ut/place:west_haven,West Haven city
ocd-division/country:us/state:ut/place:west_jordan,West Jordan city
ocd-division/country:us/state:ut/place:west_point,West Point city
ocd-division/country:us/state:ut/place:west_valley_city,West Valley City city
ocd-division/country:us/state:ut/place:willard,Willard city
ocd-division/country:us/state:ut/place:woodland_hills,Woodland Hills city
ocd-division/country:us/state:ut/place:woodruff,Woodruff town
ocd-division/country:us/state:ut/place:woods_cross,Woods Cross city
